"id","account","password","name","sex","birth_place_code","area_code","area_detail","phone","emergency_contact_name","emergency_contact_phone","emergency_contact_relationship","is_marry","is_live_alone","is_disability","diseases_history","major_diseases_history","status","birthday","care_level","create_time"
"1038","test10","123456","盛顺","0","110000","110105","华威北里9栋603室","15332223574","盛屹仕","18954304138","弟弟","1","0","0","[""肩关节前脱位"", ""失血性休克"", ""冠心病""]","[""肩关节前脱位"", ""失血性休克"", ""冠心病""]","1","9/3/1942","2","13/4/2022 21:25:58"
"1039","test11","123456","赵崇境","0","110000","110105","世华泊郡9栋801室","15288091341","赵嬿瑛","18853560912","姐姐","1","1","0","[]","[]","1","28/6/1941","4","13/4/2022 21:25:58"
"1040","test12","123456","田情惜","1","110000","110105","柏林爱乐二期11栋1502室","18626678167","田柔情","13398941020","女儿","1","0","0","[""脑疝"", ""张力性气胸"", ""支气管扩张"", ""肾结石"", ""蛛网膜下腔出血""]","[""脑疝"", ""张力性气胸"", ""支气管扩张"", ""肾结石"", ""蛛网膜下腔出血""]","1","2/1/1955","3","13/4/2022 21:25:58"
"1041","test13","123456","左依艳","1","450000","110105","松榆西里6栋1002室","13207947539","左婉娴","18384368740","孙女","1","0","0","[""急疹""]","[""急疹""]","1","27/1/1962","2","13/4/2022 21:25:58"
"1042","test14","123456","明璎缘","1","130000","110105","炫特家园二期8栋102室","18255858160","明宛靓","13860286244","孙女","1","0","0","[""桡骨远端骨折""]","[""桡骨远端骨折""]","1","11/5/1960","1","13/4/2022 21:25:58"
"1043","test15","123456","姜宗城","0","110000","110105","世华泊郡12栋701室","17845871259","姜宥寿","15788701620","儿子","1","0","0","[""佝偻病"", ""白血病""]","[""佝偻病"", ""白血病""]","1","19/4/1941","2","13/4/2022 21:25:58"
"1044","test16","123456","沈惜伊","1","640000","110105","珠江帝景6栋701室","17755245855","沈怡姗","15671403127","姐姐","1","1","0","[""支气管肺炎"", ""张力性气胸"", ""肺脓肿""]","[""支气管肺炎"", ""张力性气胸"", ""肺脓肿""]","1","23/7/1962","4","13/4/2022 21:25:58"
"1045","test17","123456","支锴境","0","110000","110105","苹果社区南区12栋202室","15857914914","支怡怡","13906026208","女儿","1","1","0","[""呼吸衰竭"", ""血胸"", ""肾衰""]","[""呼吸衰竭"", ""血胸"", ""肾衰""]","1","22/3/1962","4","13/4/2022 21:25:58"
"1046","test18","123456","施靓珊","1","110000","110105","一线国际7栋1501室","18448252654","施伊嵋","18924250095","外甥女表姐","1","0","0","[""佝偻病""]","[""佝偻病""]","1","15/2/1954","2","13/4/2022 21:25:58"
"1047","test19","123456","茅馨婵","1","110000","110105","芍药居北里3栋302室","13247465885","茅姗嫣","13955251413","妹妹","1","0","0","[""卵巢肿瘤蒂扭转"", ""化脑""]","[""卵巢肿瘤蒂扭转"", ""化脑""]","1","10/4/1948","2","13/4/2022 21:25:58"
"1048","test20","123456","柳青","0","110000","110105","苹果社区南区6栋202室","17788472302","柳嵋","15010727906","妹妹","1","0","0","[""乙肝""]","[""乙肝""]","1","2/9/1951","1","13/4/2022 21:25:58"
"1049","test21","123456","庞选绪","0","110000","110105","北苑家园望春园12栋203室","17790006770","庞依姗","18237771105","表妹","1","0","0","[""急疹"", ""脑梗死"", ""自身免疫性溶血性贫血""]","[""急疹"", ""脑梗死"", ""自身免疫性溶血性贫血""]","1","15/8/1938","2","13/4/2022 21:25:58"
"1050","test22","123456","韩柔伊","1","110000","110105","北苑家园茉莉园3栋1601室","15975358490","韩嵩","15383269270","哥哥","1","0","0","[""风疹""]","[""风疹""]","1","14/10/1960","1","13/4/2022 21:25:58"
"1051","test23","123456","云捷伍","0","110000","110105","世华泊郡1栋1401室","13355403034","云婉嫣","18373659899","外孙女","1","0","0","[""软组织急性化脓性感染"", ""失血性休克""]","[""软组织急性化脓性感染"", ""失血性休克""]","1","21/7/1934","2","13/4/2022 21:25:58"
"1052","test24","123456","彭伍生","0","110000","110105","东方雅苑6栋1201室","13487293772","彭姗依","13472470107","外甥女表姐","1","1","0","[""肾小球肾炎"", ""风疹""]","[""肾小球肾炎"", ""风疹""]","1","5/12/1943","4","13/4/2022 21:25:58"
"1053","test25","123456","平得剑","0","110000","110105","北苑家园茉莉园11栋1402室","15271213663","平宥钢","13762569578","孙子","1","0","0","[]","[]","1","21/8/1943","2","13/4/2022 21:25:58"
"1054","test26","123456","魏嬿影","1","110000","110105","芍药居北里9栋502室","17822050445","魏姝姗","17751918395","女儿","1","0","0","[""心梗"", ""肾衰"", ""肺结核""]","[""心梗"", ""肾衰"", ""肺结核""]","1","8/2/1945","2","13/4/2022 21:25:58"
"1055","test27","123456","姜姿怡","1","110000","110105","西坝河东里1栋202室","15347214526","姜依瑛","18682311271","妹妹","0","0","0","[""结核性心包炎"", ""右心衰"", ""结核性腹膜炎""]","[""结核性心包炎"", ""右心衰"", ""结核性腹膜炎""]","1","25/2/1951","3","13/4/2022 21:25:58"
"1056","test28","123456","时镜羲","0","110000","110105","南沙滩小区8栋1103室","18269004635","时羲锋","15023167111","外甥","1","1","0","[""脑血栓""]","[""脑血栓""]","1","15/5/1935","3","13/4/2022 21:25:58"
"1057","test29","123456","雷翱寿","0","110000","110105","世华泊郡8栋1102室","15709705543","雷宗锋","15752265759","哥哥","1","0","0","[""房颤"", ""冠心病"", ""肋骨骨折""]","[""房颤"", ""冠心病"", ""肋骨骨折""]","1","28/1/1953","2","13/4/2022 21:25:58"
"1058","test30","123456","苏璎怡","1","110000","110105","农光里4栋1002室","13020730471","苏锴剑","15926159566","表兄","0","1","0","[""肾癌"", ""佝偻病""]","[""肾癌"", ""佝偻病""]","1","21/11/1934","4","13/4/2022 21:25:58"
"1059","test31","123456","宋疆境","0","110000","110105","松榆西里7栋1303室","18025771003","宋瑞","18596074008","外甥","1","0","0","[]","[]","1","15/9/1940","2","13/4/2022 21:25:58"
"1060","test32","123456","萧柔宛","1","110000","110105","松榆西里3栋303室","18276694609","萧堂剑","13259919475","侄子","1","0","0","[""乙肝""]","[""乙肝""]","1","1/3/1950","2","13/4/2022 21:25:58"
"1061","test33","123456","熊姃宛","1","110000","110105","北苑家园茉莉园12栋502室","18694964438","熊得寿","18331943450","外甥","1","0","0","[""桡骨远端骨折"", ""二尖瓣关闭不全"", ""自身免疫性溶血性贫血""]","[""桡骨远端骨折"", ""二尖瓣关闭不全"", ""自身免疫性溶血性贫血""]","1","3/10/1948","2","13/4/2022 21:25:58"
"1062","test34","123456","费宛慈","1","110000","110105","金隅丽景园5栋602室","13717344618","费疆绪","15610871583","哥哥","1","0","0","[""桡骨头半脱位"", ""结核性心包炎"", ""风疹""]","[""桡骨头半脱位"", ""结核性心包炎"", ""风疹""]","1","19/9/1959","2","13/4/2022 21:25:58"
"1063","test35","123456","岑链","0","110000","110105","万科星园10栋1302室","18091888898","岑得锐","15737475220","爱人","1","0","0","[""缺铁性贫血""]","[""缺铁性贫血""]","1","22/12/1935","2","13/4/2022 21:25:58"
"1064","test36","123456","宋纾缘","1","110000","110105","炫特家园二期7栋802室","18364978847","宋锴锋","13617281047","哥哥","1","0","1","[""急性淋巴管炎"", ""肾结石"", ""肺癌"", ""大叶性肺炎"", ""二尖瓣关闭不全""]","[""急性淋巴管炎"", ""肾结石"", ""肺癌"", ""大叶性肺炎"", ""二尖瓣关闭不全""]","1","14/8/1947","4","13/4/2022 21:25:58"
"1065","test37","123456","穆信","0","110000","110105","农光里5栋1502室","15593989622","穆崇剑","18635276416","儿子","1","0","0","[]","[]","1","8/5/1933","2","13/4/2022 21:25:58"
"1066","test38","123456","贾城生","0","110000","110105","松榆西里8栋401室","18143044959","贾骥伍","18972588504","儿子","1","0","0","[""丙肝""]","[""丙肝""]","1","24/2/1935","1","13/4/2022 21:25:58"
"1067","test39","123456","杜庥锐","0","110000","110105","东方雅苑7栋902室","13387699186","杜骥逵","15775521463","外甥","1","0","0","[""桡骨头半脱位""]","[""桡骨头半脱位""]","1","1/4/1947","1","13/4/2022 21:25:58"
"1068","test40","123456","贺冲锋","0","110000","110105","八里庄北里小区7栋302室","13565397208","贺姝惜","15872570269","外甥女表姐","1","0","0","[""呼吸衰竭""]","[""呼吸衰竭""]","1","26/11/1952","2","13/4/2022 21:25:58"
"1069","test41","123456","苗随才","0","110000","110105","苹果社区南区7栋1202室","15593162091","苗昇","18749935344","侄子","1","0","0","[""急性淋巴管炎"", ""肱骨髁上骨折""]","[""急性淋巴管炎"", ""肱骨髁上骨折""]","1","21/6/1943","2","13/4/2022 21:25:58"
"1070","test42","123456","昌镜世","0","110000","110105","一线国际9栋103室","13593365305","昌选","15036890685","儿子","1","0","0","[""子宫肌瘤"", ""前列腺增生""]","[""子宫肌瘤"", ""前列腺增生""]","1","10/1/1955","3","13/4/2022 21:25:58"
"1071","test43","123456","卢馨婵","1","110000","110105","南沙滩小区12栋1603室","18861893628","卢怡怡","17829108231","外甥女表姐","1","0","0","[""急疹"", ""二尖瓣狭窄"", ""急性硬膜外血肿"", ""心梗"", ""肱骨髁上骨折""]","[""急疹"", ""二尖瓣狭窄"", ""急性硬膜外血肿"", ""心梗"", ""肱骨髁上骨折""]","1","12/7/1961","4","13/4/2022 21:25:58"
"1072","test44","123456","臧伟世","0","110000","110105","万科星园12栋403室","13338348859","臧祥剑","15537428526","爱人","1","0","0","[""二尖瓣关闭不全""]","[""二尖瓣关闭不全""]","1","25/4/1941","1","13/4/2022 21:25:58"
"1073","test45","123456","汤娅嫣","1","110000","110105","住欣家园1栋1603室","17791657993","汤纾嫣","15869218605","孙女","0","0","0","[""肾小球肾炎"", ""下尿路感染"", ""左心衰""]","[""肾小球肾炎"", ""下尿路感染"", ""左心衰""]","1","15/7/1962","3","13/4/2022 21:25:58"
"1074","test46","123456","戴勇世","0","110000","110105","国美第一城3号院5栋1301室","15901467032","戴怡靓","13655175019","爱人","1","0","0","[""流脑"", ""化脑"", ""主动脉瓣狭窄"", ""肱骨外科颈骨折""]","[""流脑"", ""化脑"", ""主动脉瓣狭窄"", ""肱骨外科颈骨折""]","1","10/11/1951","2","13/4/2022 21:25:58"
"1075","test47","123456","尹宛馨","1","110000","110105","八里庄北里小区10栋502室","13379024139","尹姿宛","13180596538","外甥女表姐","1","0","0","[""主动脉瓣狭窄""]","[""主动脉瓣狭窄""]","1","17/9/1959","2","13/4/2022 21:25:58"
"1076","test48","123456","梅姿靓","1","110000","110105","北苑家园茉莉园2栋903室","17721482016","梅堂才","15203928350","孙子","1","0","0","[""异位妊娠""]","[""异位妊娠""]","1","16/11/1940","1","13/4/2022 21:25:58"
"1077","test49","123456","齐依璎","1","110000","110105","南沙滩小区9栋1702室","15601586248","齐惜情","13674227522","爱人","1","0","0","[]","[]","1","25/7/1949","1","13/4/2022 21:25:58"
"1078","test50","123456","时秋","0","110000","110105","八里庄北里小区4栋1301室","13125705740","时缘倩","18716443005","表妹","1","0","0","[]","[]","1","1/1/1950","1","13/4/2022 21:25:58"
"1079","test51","123456","周臣城","0","110000","110105","柏林爱乐二期6栋302室","15614388384","周姝柔","13321170762","表妹","1","0","0","[""肾癌"", ""肺结核"", ""髋关节后脱位"", ""丹毒"", ""脑梗死""]","[""肾癌"", ""肺结核"", ""髋关节后脱位"", ""丹毒"", ""脑梗死""]","1","15/4/1942","3","13/4/2022 21:25:58"
"1080","test52","123456","喻嵋嵋","1","110000","110105","住欣家园10栋1001室","18687577530","喻怡娴","13193508074","女儿","1","0","0","[]","[]","1","13/3/1950","1","13/4/2022 21:25:58"
"1081","test53","123456","麻燕纾","1","110000","110105","金隅丽景园8栋701室","15901290345","麻宥铨","15728437801","外孙","1","0","0","[""软组织急性化脓性感染"", ""急性硬膜外血肿"", ""主动脉瓣关闭不全"", ""髋关节后脱位""]","[""软组织急性化脓性感染"", ""急性硬膜外血肿"", ""主动脉瓣关闭不全"", ""髋关节后脱位""]","1","13/6/1935","4","13/4/2022 21:25:58"
"1082","test54","123456","毕姗瑛","1","110000","110105","金隅丽景园12栋1601室","15073419881","毕纾影","18962740942","妹妹","1","0","0","[""白血病""]","[""白血病""]","1","6/3/1950","2","13/4/2022 21:25:58"
"1083","test55","123456","冯韶","0","110000","110105","苹果社区南区12栋203室","18146055348","冯丞","17646756013","儿子","1","0","0","[]","[]","1","9/6/1939","1","13/4/2022 21:25:58"
"1084","test56","123456","孔姝姗","1","110000","110105","金隅丽景园2栋1602室","18681721595","孔勇奎","15170440167","外甥","1","0","0","[]","[]","1","16/8/1952","1","13/4/2022 21:25:58"
"1085","test57","123456","诸镜伍","0","220000","110105","炫特家园二期10栋103室","15720675722","诸庥生","18776520849","孙子","1","1","0","[]","[]","1","25/12/1955","2","13/4/2022 21:25:58"
"1086","test58","123456","熊姝燕","1","110000","110105","金隅丽景园6栋601室","18860131179","熊婉","18211754640","外孙女","1","0","0","[""脑栓塞"", ""支气管哮喘"", ""结脑"", ""冠心病""]","[""脑栓塞"", ""支气管哮喘"", ""结脑"", ""冠心病""]","1","18/10/1935","3","13/4/2022 21:25:58"
"1087","test59","123456","韦姗姃","1","110000","110105","金隅丽景园11栋1303室","18683478997","韦珊缘","15251590273","表妹","1","0","0","[""二尖瓣关闭不全"", ""轮转病毒肠炎"", ""大叶性肺炎"", ""结核性腹膜炎"", ""右心衰""]","[""二尖瓣关闭不全"", ""轮转病毒肠炎"", ""大叶性肺炎"", ""结核性腹膜炎"", ""右心衰""]","1","23/5/1938","3","13/4/2022 21:25:58"
"1088","test60","123456","颜艳娅","1","110000","110105","翠城馨园9栋1403室","15040481865","颜玮","13632922002","表兄","1","1","0","[]","[]","1","23/9/1932","3","13/4/2022 21:25:58"
"1089","test61","123456","周彩缘","1","110000","110105","北苑家园茉莉园9栋1603室","13337572163","周嫣嵋","13856855172","侄女","1","1","0","[""病脑""]","[""病脑""]","1","4/10/1958","3","13/4/2022 21:25:58"
"1090","test62","123456","卞姝翠","1","110000","110105","柏林爱乐二期11栋902室","13265937015","卞勇仁","18591336596","外甥","1","0","0","[]","[]","1","6/9/1942","1","13/4/2022 21:25:58"
"1091","test63","123456","狄镜仁","0","110000","110105","翠城馨园9栋201室","15554304832","狄依柔","18714935243","侄女","1","0","0","[""结核性腹膜炎"", ""脑梗死""]","[""结核性腹膜炎"", ""脑梗死""]","1","14/9/1934","2","13/4/2022 21:25:58"
"1092","test64","123456","解骢","0","110000","110105","柏林爱乐二期1栋602室","18946651567","解锴绪","18447018863","爱人","0","0","0","[""丹毒"", ""呼吸衰竭"", ""异位妊娠"", ""风疹""]","[""丹毒"", ""呼吸衰竭"", ""异位妊娠"", ""风疹""]","1","14/10/1946","4","13/4/2022 21:25:58"
"1093","test65","123456","姜怡嫣","1","110000","110105","东方雅苑1栋701室","18764590553","姜纾婵","13288416518","姐姐","1","0","0","[""缺铁性贫血"", ""流脑"", ""血胸"", ""软组织急性化脓性感染"", ""肾结核""]","[""缺铁性贫血"", ""流脑"", ""血胸"", ""软组织急性化脓性感染"", ""肾结核""]","1","17/3/1961","3","13/4/2022 21:25:58"
"1094","test66","123456","花嬿嫣","1","110000","110105","西坝河东里6栋1502室","18012273569","花翠惜","18644089516","表妹","1","0","0","[""冠心病""]","[""冠心病""]","1","10/9/1935","1","13/4/2022 21:25:58"
"1095","test67","123456","吴守","0","110000","110105","国美第一城3号院11栋502室","17792817032","吴怡","13168525587","外甥女表姐","1","0","0","[""麻疹"", ""猩红热""]","[""麻疹"", ""猩红热""]","1","5/5/1938","2","13/4/2022 21:25:58"
"1096","test68","123456","范山","0","110000","110105","世华泊郡8栋803室","13002251267","范姿圆","15379380116","爱人","1","0","1","[""支气管扩张"", ""急疹""]","[""支气管扩张"", ""急疹""]","1","10/6/1932","4","13/4/2022 21:25:58"
"1097","test69","123456","董庥寿","0","110000","110105","农光里4栋201室","13903474547","董刚璈","18780114963","外甥","1","0","1","[""桡骨头半脱位"", ""房颤""]","[""桡骨头半脱位"", ""房颤""]","1","26/2/1947","4","13/4/2022 21:25:58"
"1098","test70","123456","郎纾靓","1","110000","110105","农光里10栋503室","13029198283","郎怡姝","13879470355","爱人","1","0","0","[""呼吸衰竭"", ""自身免疫性溶血性贫血""]","[""呼吸衰竭"", ""自身免疫性溶血性贫血""]","1","2/4/1960","3","13/4/2022 21:25:58"
"1099","test71","123456","邱昌","0","110000","110105","农光里12栋401室","13129875799","邱惜燕","18918553171","爱人","1","0","0","[]","[]","1","17/12/1951","1","13/4/2022 21:25:58"
"1100","test72","123456","穆惜情","1","110000","110105","苹果社区南区3栋1702室","18316150943","穆羲绪","18999867057","儿子","1","1","0","[""桡骨远端骨折"", ""化脑""]","[""桡骨远端骨折"", ""化脑""]","1","15/8/1948","3","13/4/2022 21:25:58"
"1101","test73","123456","江镜盛","0","810000","110105","一线国际5栋1201室","13404985547","江奎冲","17717306923","表兄","1","0","0","[""结核性腹膜炎"", ""肺脓肿"", ""左心衰"", ""金色葡萄球菌肺炎"", ""髋关节后脱位""]","[""结核性腹膜炎"", ""肺脓肿"", ""左心衰"", ""金色葡萄球菌肺炎"", ""髋关节后脱位""]","1","24/3/1946","4","13/4/2022 21:25:58"
"1102","test74","123456","刁怡瑛","1","110000","110105","八里庄北里小区1栋1403室","13771983475","刁善","18012046934","弟弟","1","1","0","[""脑出血"", ""左心衰"", ""房颤"", ""肱骨髁上骨折"", ""肺心病""]","[""脑出血"", ""左心衰"", ""房颤"", ""肱骨髁上骨折"", ""肺心病""]","1","5/4/1957","4","13/4/2022 21:25:58"
"1103","test75","123456","褚翠惜","1","810000","110105","金隅丽景园4栋1003室","13643219597","褚珊瑛","17864307400","孙女","0","0","0","[""大叶性肺炎""]","[""大叶性肺炎""]","1","26/4/1941","2","13/4/2022 21:25:58"
"1104","test76","123456","彭崇境","0","110000","110105","世华泊郡3栋1103室","13461482133","彭艳彩","15605483647","外孙女","1","0","0","[]","[]","1","16/4/1952","1","13/4/2022 21:25:58"
"1105","test77","123456","伍珠艳","1","110000","110105","金隅丽景园4栋1301室","13295402605","伍姿嵋","15816082395","妹妹","1","0","0","[""乙肝""]","[""乙肝""]","1","21/12/1945","2","13/4/2022 21:25:58"
"1106","test78","123456","邱宥忍","0","110000","110105","住欣家园1栋603室","13975253330","邱祥寿","17739068612","侄子","1","0","0","[""克雷伯杆菌肺炎""]","[""克雷伯杆菌肺炎""]","1","9/2/1953","2","13/4/2022 21:25:58"
"1107","test79","123456","穆珅","0","440000","110105","柏林爱乐二期7栋1302室","15361827362","穆婉影","15952619507","外孙女","1","0","0","[]","[]","1","7/11/1938","2","13/4/2022 21:25:58"
"1108","test80","123456","万璎怡","1","110000","110105","东方雅苑4栋303室","13006341323","万柔柔","13179215071","姐姐","1","0","0","[""急性硬膜外血肿"", ""张力性气胸"", ""急性盆腔炎"", ""肺癌"", ""心梗""]","[""急性硬膜外血肿"", ""张力性气胸"", ""急性盆腔炎"", ""肺癌"", ""心梗""]","1","13/3/1943","4","13/4/2022 21:25:58"
"1109","test81","123456","花倩","1","110000","110105","北苑家园望春园3栋1702室","15631741478","花馨伊","17834668113","妹妹","1","0","0","[""蛛网膜下腔出血""]","[""蛛网膜下腔出血""]","1","3/12/1945","1","13/4/2022 21:25:58"
"1110","test82","123456","祝宛瑛","1","110000","110105","华贸城5栋1203室","13647004981","祝人","15928164848","侄子","1","0","0","[""慢性肾盂肾炎急性发作"", ""硬膜下血肿"", ""肺结核"", ""大叶性肺炎""]","[""慢性肾盂肾炎急性发作"", ""硬膜下血肿"", ""肺结核"", ""大叶性肺炎""]","1","27/8/1945","2","13/4/2022 21:25:58"
"1111","test83","123456","明惜惜","1","810000","110105","金隅丽景园9栋502室","17798649283","明姝嫣","18101649972","外甥女表姐","0","0","0","[""风疹"", ""呼吸衰竭""]","[""风疹"", ""呼吸衰竭""]","1","20/5/1932","2","13/4/2022 21:25:58"
"1112","test84","123456","谢情燕","1","110000","110105","柏林爱乐二期12栋1202室","13896946145","谢刚屹","17688883619","哥哥","1","1","0","[""软组织急性化脓性感染"", ""肾盂肾炎""]","[""软组织急性化脓性感染"", ""肾盂肾炎""]","1","19/7/1959","4","13/4/2022 21:25:58"
"1113","test85","123456","贲疆钢","0","110000","110105","华威北里1栋1303室","13497829409","贲庥绪","13874582787","表兄","1","0","0","[""支原体肺炎"", ""佝偻病"", ""金色葡萄球菌肺炎"", ""主动脉瓣狭窄"", ""缺铁性贫血""]","[""支原体肺炎"", ""佝偻病"", ""金色葡萄球菌肺炎"", ""主动脉瓣狭窄"", ""缺铁性贫血""]","1","26/3/1960","3","13/4/2022 21:25:58"
"1114","test86","123456","席四","0","110000","110105","八里庄北里小区8栋802室","13756135426","席嵋伊","15839572258","爱人","1","0","1","[""肺心病"", ""桡骨远端骨折""]","[""肺心病"", ""桡骨远端骨折""]","1","8/4/1943","4","13/4/2022 21:25:58"
"1115","test87","123456","袁珊瑛","1","110000","110105","北苑家园望春园2栋1301室","15538072982","袁翱冲","18306328002","孙子","1","0","0","[""风疹""]","[""风疹""]","1","25/5/1950","1","13/4/2022 21:25:58"
"1116","test88","123456","柏信","0","110000","110105","一线国际4栋1001室","17838287706","柏姝翠","18541794955","外甥女表姐","0","0","0","[""阵发性室性心动过速""]","[""阵发性室性心动过速""]","1","12/5/1939","2","13/4/2022 21:25:58"
"1117","test89","123456","危怡依","1","110000","110105","八里庄北里小区5栋1702室","15243406949","危怡嫣","18007248403","表妹","1","1","0","[""肱骨干骨折"", ""脑震荡"", ""硬膜下血肿"", ""急疹"", ""脑疝""]","[""肱骨干骨折"", ""脑震荡"", ""硬膜下血肿"", ""急疹"", ""脑疝""]","1","22/9/1957","4","13/4/2022 21:25:58"
"1118","test90","123456","滕燕怡","1","110000","110105","华贸城8栋603室","18303277630","滕姿姿","13559679956","侄女","1","0","0","[""肺结核"", ""输尿管结石"", ""肾结核"", ""股骨颈骨折"", ""肺脓肿""]","[""肺结核"", ""输尿管结石"", ""肾结核"", ""股骨颈骨折"", ""肺脓肿""]","1","6/9/1932","4","13/4/2022 21:25:58"
"1119","test91","123456","许怡韵","1","110000","110105","华贸城5栋201室","13240980242","许屹生","18260698719","表兄","1","0","0","[]","[]","1","10/6/1932","1","13/4/2022 21:25:58"
"1120","test92","123456","吕宗钢","0","110000","110105","一线国际7栋202室","18311537543","吕疆锐","18751244625","弟弟","1","1","0","[""肩关节前脱位"", ""支气管扩张"", ""艾滋病""]","[""肩关节前脱位"", ""支气管扩张"", ""艾滋病""]","1","9/11/1958","4","13/4/2022 21:25:58"
"1121","test93","123456","米婉婵","1","110000","110105","华威北里8栋903室","13627533080","米依姃","13323268613","外甥女表姐","1","0","0","[]","[]","1","5/8/1951","2","13/4/2022 21:25:58"
"1122","test94","123456","危堂世","0","110000","110105","华威北里1栋1503室","13252960790","危惜翠","15032219116","孙女","1","0","1","[]","[]","1","24/6/1939","3","13/4/2022 21:25:58"
"1123","test95","123456","臧宗勇","0","110000","110105","松榆西里8栋901室","13798162816","臧姗缘","18864059789","外甥女表姐","1","0","0","[""病脑""]","[""病脑""]","1","24/11/1958","1","13/4/2022 21:25:58"
"1124","test96","123456","宣翠娅","1","110000","110105","西坝河东里12栋302室","18722249258","宣宥璈","13498007185","表兄","1","0","0","[""流脑"", ""右心衰"", ""呼吸衰竭""]","[""流脑"", ""右心衰"", ""呼吸衰竭""]","1","18/6/1955","2","13/4/2022 21:25:58"
"1125","test97","123456","伍勇璈","0","110000","110105","苹果社区南区12栋1002室","15863436530","伍疆锴","15947411332","外孙","1","0","0","[]","[]","1","20/8/1933","2","13/4/2022 21:25:58"
"1126","test98","123456","时伟生","0","110000","110105","北苑家园茉莉园12栋1302室","13505759031","时依娴","13237401565","妹妹","1","1","0","[""桡骨头半脱位""]","[""桡骨头半脱位""]","1","11/9/1938","4","13/4/2022 21:25:58"
"1127","test99","123456","邓宥","0","110000","110105","松榆西里8栋1101室","13990636209","邓姿婵","18062560525","妹妹","1","1","0","[""心梗"", ""脑震荡"", ""肾结石""]","[""心梗"", ""脑震荡"", ""肾结石""]","1","10/5/1941","4","13/4/2022 21:25:58"
"1128","test100","123456","狄伟铨","0","110000","110105","八里庄北里小区9栋103室","15697801698","狄惜惜","13242767717","妹妹","1","0","0","[]","[]","1","5/11/1938","2","13/4/2022 21:25:58"
"1129","test101","123456","马依宛","1","410000","110105","八里庄北里小区8栋1501室","13433808652","马韵","15981582008","侄女","1","0","0","[""急性盆腔炎"", ""失血性休克""]","[""急性盆腔炎"", ""失血性休克""]","1","17/6/1944","2","13/4/2022 21:25:58"
"1130","test102","123456","穆锴境","0","110000","110105","一线国际5栋303室","18143257611","穆姝宛","15888237525","表妹","1","1","0","[""甲肝"", ""麻疹""]","[""甲肝"", ""麻疹""]","1","22/1/1946","3","13/4/2022 21:25:58"
"1131","test103","123456","祁纬","0","110000","110105","东方雅苑10栋1702室","13995081716","祁娅翠","13259466459","妹妹","1","1","0","[""急疹""]","[""急疹""]","1","9/6/1960","3","13/4/2022 21:25:58"
"1132","test104","123456","彭选才","0","110000","110105","金隅丽景园6栋502室","17652289915","彭疆璈","18781742486","表兄","1","0","1","[""心绞痛""]","[""心绞痛""]","1","20/12/1948","4","13/4/2022 21:25:58"
"1133","test105","123456","汤翠婉","1","110000","110105","炫特家园二期6栋103室","18899431288","汤倩","15139794574","外孙女","1","0","0","[""脑震荡"", ""风疹""]","[""脑震荡"", ""风疹""]","1","11/6/1941","2","13/4/2022 21:25:58"
"1134","test106","123456","冯勇逵","0","110000","110105","国美第一城3号院6栋1003室","13137323333","冯惜嵋","15795731172","姐姐","1","0","1","[""化脑"", ""风疹"", ""脑疝"", ""心梗"", ""肱骨干骨折""]","[""化脑"", ""风疹"", ""脑疝"", ""心梗"", ""肱骨干骨折""]","1","24/12/1934","4","13/4/2022 21:25:58"
"1135","test107","123456","朱怡缘","1","110000","110105","东方雅苑8栋101室","15311535199","朱姗婵","13337000142","外甥女表姐","1","0","0","[""急疹"", ""尿路感染""]","[""急疹"", ""尿路感染""]","1","19/5/1945","3","13/4/2022 21:25:58"
"1136","test108","123456","祝珠艳","1","110000","110105","华威北里11栋1501室","13464225413","祝珊翠","18997450997","孙女","0","0","0","[""下尿路感染"", ""自身免疫性溶血性贫血""]","[""下尿路感染"", ""自身免疫性溶血性贫血""]","1","19/10/1953","2","13/4/2022 21:25:58"
"1137","test109","123456","和宗寿","0","460000","110105","华贸城6栋101室","17640917737","和嫣娅","15091047845","侄女","1","0","1","[""阵发性室性心动过速"", ""麻疹"", ""硬膜下血肿"", ""猩红热""]","[""阵发性室性心动过速"", ""麻疹"", ""硬膜下血肿"", ""猩红热""]","1","17/2/1932","4","13/4/2022 21:25:58"
"1138","test110","123456","江疆逵","0","140000","110105","安贞西里12栋1003室","17620690490","江羽","18104932102","外甥","1","0","1","[]","[]","1","16/1/1961","3","13/4/2022 21:25:58"
"1139","test111","123456","窦选捷","0","110000","110105","珠江帝景9栋303室","13774278070","窦姃影","13174522890","外孙女","1","0","0","[""左心衰"", ""支气管哮喘""]","[""左心衰"", ""支气管哮喘""]","1","12/8/1944","2","13/4/2022 21:25:58"
"1140","test112","123456","洪刚锐","0","210000","110105","华贸城6栋203室","15251725637","洪倩翠","18099387190","孙女","1","0","0","[""白血病""]","[""白血病""]","1","10/10/1935","1","13/4/2022 21:25:58"
"1141","test113","123456","孟冲硕","0","110000","110105","柏林爱乐二期10栋1703室","15129334469","孟姿情","18115141509","外甥女表姐","1","0","0","[""异位妊娠""]","[""异位妊娠""]","1","11/10/1959","1","13/4/2022 21:25:58"
"1142","test114","123456","赵奎庥","0","110000","110105","西坝河东里1栋203室","18092183446","赵燕纾","17612477954","表妹","1","1","0","[""宫颈癌"", ""蛛网膜下腔出血"", ""风疹""]","[""宫颈癌"", ""蛛网膜下腔出血"", ""风疹""]","1","1/4/1932","4","13/4/2022 21:25:58"
"1143","test115","123456","元崇绪","0","110000","110105","松榆西里4栋401室","17867923118","元姿钰","13197609966","侄女","1","0","0","[""异位妊娠"", ""支原体肺炎""]","[""异位妊娠"", ""支原体肺炎""]","1","2/8/1932","2","13/4/2022 21:25:58"
"1144","test116","123456","朱嵋馨","1","530000","110105","安贞西里5栋803室","13035344456","朱宗世","15243593100","外甥","1","1","0","[]","[]","1","14/4/1932","4","13/4/2022 21:25:58"
"1145","test117","123456","左怡婵","1","110000","110105","八里庄北里小区7栋702室","15190196291","左馨影","13837936664","表妹","1","0","0","[]","[]","1","15/2/1948","1","13/4/2022 21:25:58"
"1146","test118","123456","汤翱世","0","110000","110105","华贸城6栋201室","15241041324","汤惜","18483858707","爱人","1","0","0","[""阵发性室上性心动过速"", ""股骨颈骨折"", ""支气管哮喘"", ""脑梗死""]","[""阵发性室上性心动过速"", ""股骨颈骨折"", ""支气管哮喘"", ""脑梗死""]","1","15/10/1936","3","13/4/2022 21:25:58"
"1147","test119","123456","袁馨影","1","110000","110105","住欣家园6栋1502室","13575934790","袁姿宛","13754109131","外甥女表姐","0","1","0","[""脑血栓"", ""桡骨头半脱位""]","[""脑血栓"", ""桡骨头半脱位""]","1","10/8/1953","4","13/4/2022 21:25:58"
"1148","test120","123456","伏得仁","0","110000","110105","金隅丽景园7栋903室","13071436791","伏庥勇","15264164628","表兄","1","0","0","[""主动脉瓣狭窄"", ""卵巢肿瘤蒂扭转""]","[""主动脉瓣狭窄"", ""卵巢肿瘤蒂扭转""]","1","1/9/1946","3","13/4/2022 21:25:58"
"1149","test121","123456","卫冲","0","110000","110105","苹果社区南区11栋801室","13031562988","卫基境","18530605330","爱人","1","0","0","[""肺心病""]","[""肺心病""]","1","23/4/1955","2","13/4/2022 21:25:58"
"1150","test122","123456","于缘珊","1","710000","110105","炫特家园二期12栋1403室","18211354436","于馨影","18369336933","姐姐","1","0","0","[""前列腺增生""]","[""前列腺增生""]","1","18/9/1958","1","13/4/2022 21:25:58"
"1151","test123","123456","朱基才","0","110000","110105","国美第一城3号院4栋601室","13597495474","朱璎娴","17700642494","爱人","1","0","0","[""肾小球肾炎""]","[""肾小球肾炎""]","1","12/5/1938","1","13/4/2022 21:25:58"
"1152","test124","123456","贺宥屹","0","110000","110105","国美第一城3号院8栋1501室","18151344908","贺钊臣","15933594670","侄子","1","0","0","[""丹毒"", ""急性盆腔炎"", ""异位妊娠"", ""自身免疫性溶血性贫血""]","[""丹毒"", ""急性盆腔炎"", ""异位妊娠"", ""自身免疫性溶血性贫血""]","1","18/8/1948","3","13/4/2022 21:25:58"
"1153","test125","123456","康任","0","110000","110105","住欣家园7栋1501室","17777720058","康园","18909135973","爱人","1","0","0","[""结脑"", ""血胸"", ""心源性休克"", ""呼吸衰竭"", ""缺铁性贫血""]","[""结脑"", ""血胸"", ""心源性休克"", ""呼吸衰竭"", ""缺铁性贫血""]","1","12/2/1949","3","13/4/2022 21:25:58"
"1154","test126","123456","凌惜翠","1","110000","110105","北苑家园望春园6栋901室","15662379114","凌娅伊","15155355868","侄女","1","0","0","[""支气管扩张""]","[""支气管扩张""]","1","21/7/1934","1","13/4/2022 21:25:58"
"1155","test127","123456","吕依姝","1","110000","110105","芍药居北里7栋1602室","13622037743","吕得境","18180780377","外甥","1","0","0","[""缺铁性贫血""]","[""缺铁性贫血""]","1","25/5/1938","1","13/4/2022 21:25:58"
"1156","test128","123456","张峻钢","0","110000","110105","翠城馨园10栋401室","18857351366","张得仁","15630490512","外甥","1","0","0","[]","[]","1","7/12/1951","2","13/4/2022 21:25:58"
"1157","test129","123456","秦镜境","0","110000","110105","安贞西里6栋401室","18847634816","秦馨婵","17858899136","外孙女","1","0","0","[""脑栓塞""]","[""脑栓塞""]","1","26/2/1952","1","13/4/2022 21:25:58"
"1158","test130","123456","经冲宗","0","110000","110105","世华泊郡8栋302室","13169972264","经姃宛","15109784561","姐姐","1","0","0","[]","[]","1","15/1/1932","1","13/4/2022 21:25:58"
"1159","test131","123456","汤姝姗","1","110000","110105","北苑家园茉莉园6栋1101室","15802658479","汤朝","18139678392","外孙","1","0","0","[""左心衰""]","[""左心衰""]","1","12/3/1953","1","13/4/2022 21:25:58"
"1160","test132","123456","左璎珊","1","110000","110105","炫特家园二期7栋201室","18096629154","左翱才","13902138244","外甥","1","0","0","[""输尿管结石"", ""肾小球肾炎"", ""左心衰""]","[""输尿管结石"", ""肾小球肾炎"", ""左心衰""]","1","5/5/1934","3","13/4/2022 21:25:58"
"1161","test133","123456","茅馨","1","110000","110105","珠江帝景7栋1002室","18169042545","茅姿琬","18590000820","姐姐","1","1","0","[]","[]","1","14/1/1941","2","13/4/2022 21:25:58"
"1162","test134","123456","江珠缘","1","110000","110105","西坝河东里11栋201室","18605279004","江庥锋","18934511791","哥哥","1","1","0","[""肾癌"", ""肺结核"", ""桡骨头半脱位""]","[""肾癌"", ""肺结核"", ""桡骨头半脱位""]","1","17/8/1941","4","13/4/2022 21:25:58"
"1163","test135","123456","贾峻璈","0","110000","110105","北苑家园茉莉园3栋1303室","15884020236","贾勇境","13700415002","表兄","1","1","0","[""脑栓塞"", ""肱骨髁上骨折"", ""自身免疫性溶血性贫血""]","[""脑栓塞"", ""肱骨髁上骨折"", ""自身免疫性溶血性贫血""]","1","7/9/1951","4","13/4/2022 21:25:58"
"1164","test136","123456","孙姿诗","1","110000","110105","华威北里4栋1401室","13814408894","孙宥剑","13325537024","弟弟","1","0","0","[""心绞痛""]","[""心绞痛""]","1","26/8/1950","1","13/4/2022 21:25:58"
"1165","test137","123456","章翱羲","0","640000","110105","世华泊郡8栋703室","18398863543","章奭","18644149481","外孙","0","0","0","[]","[]","1","21/1/1947","2","13/4/2022 21:25:58"
"1166","test138","123456","穆冲绪","0","110000","110105","南沙滩小区12栋1402室","13076223285","穆宗峻","17832218074","表兄","1","1","0","[""结核性胸膜炎""]","[""结核性胸膜炎""]","1","23/3/1941","3","13/4/2022 21:25:58"
"1167","test139","123456","单玙","0","110000","110105","八里庄北里小区12栋1403室","15881263985","单姗怡","13698613203","外甥女表姐","1","0","0","[""阵发性室性心动过速"", ""大叶性肺炎""]","[""阵发性室性心动过速"", ""大叶性肺炎""]","1","26/3/1950","3","13/4/2022 21:25:58"
"1168","test140","123456","盛璎珊","1","110000","110105","华威北里2栋1401室","13088325342","盛嬿伊","17717664352","外孙女","0","1","0","[""肺结核"", ""缺铁性贫血"", ""脑梗死"", ""宫颈癌""]","[""肺结核"", ""缺铁性贫血"", ""脑梗死"", ""宫颈癌""]","1","16/12/1936","4","13/4/2022 21:25:58"
"1169","test141","123456","赵峤","0","330000","110105","北苑家园望春园4栋102室","15549317553","赵依珊","13865927136","表妹","0","0","0","[""肠结核"", ""结核性胸膜炎""]","[""肠结核"", ""结核性胸膜炎""]","1","4/1/1945","3","13/4/2022 21:25:58"
"1170","test142","123456","洪奎骥","0","110000","110105","北苑家园望春园3栋801室","15731141829","洪珊瑛","15369031714","孙女","1","0","0","[""肺心病"", ""支气管肺炎"", ""冠心病""]","[""肺心病"", ""支气管肺炎"", ""冠心病""]","1","21/5/1947","2","13/4/2022 21:25:58"
"1171","test143","123456","臧娴","1","110000","110105","八里庄北里小区12栋401室","13292560834","臧镔璈","18305418513","表兄","1","1","0","[""二尖瓣狭窄""]","[""二尖瓣狭窄""]","1","17/7/1948","3","13/4/2022 21:25:58"
"1172","test144","123456","潘嬿琬","1","110000","110105","农光里12栋1301室","18821483386","潘姃琬","13616719565","外甥女表姐","1","0","0","[""金色葡萄球菌肺炎""]","[""金色葡萄球菌肺炎""]","1","19/4/1939","2","13/4/2022 21:25:58"
"1173","test145","123456","吕姃燕","1","110000","110105","金隅丽景园10栋802室","13191946490","吕姃瑛","18083418912","外孙女","1","0","1","[""前列腺增生""]","[""前列腺增生""]","1","14/7/1952","4","13/4/2022 21:25:58"
"1174","test146","123456","凤奎羲","0","110000","110105","北苑家园望春园3栋103室","13282655862","凤逍","18917322539","弟弟","1","0","0","[""支气管肺炎"", ""肾癌""]","[""支气管肺炎"", ""肾癌""]","1","10/11/1958","2","13/4/2022 21:25:58"
"1175","test147","123456","娄姃瑛","1","110000","110105","炫特家园二期6栋1701室","15174108910","娄璎姿","15777156194","孙女","1","0","0","[]","[]","1","13/7/1935","2","13/4/2022 21:25:58"
"1176","test148","123456","杨音","0","710000","110105","万科星园7栋1602室","15630582621","杨镜仁","13500398055","侄子","1","0","1","[""异位妊娠"", ""特发性血小板减少紫癜""]","[""异位妊娠"", ""特发性血小板减少紫癜""]","1","6/5/1958","4","13/4/2022 21:25:58"
"1177","test149","123456","陶珊嫣","1","820000","110105","炫特家园二期6栋1603室","18063949264","陶姗宛","18051199058","外甥女表姐","0","0","0","[]","[]","1","3/4/1955","2","13/4/2022 21:25:58"
"1178","test150","123456","柯慈惜","1","110000","110105","东方雅苑7栋1303室","15075228394","柯朝","13572469510","爱人","0","0","0","[""结核性胸膜炎""]","[""结核性胸膜炎""]","1","21/3/1954","2","13/4/2022 21:25:58"
"1179","test151","123456","卫峻璈","0","110000","110105","世华泊郡7栋1702室","17749372892","卫怡姿","18948705106","外甥女表姐","1","0","0","[""肺栓塞"", ""支原体肺炎"", ""急性硬膜外血肿"", ""肩关节前脱位""]","[""肺栓塞"", ""支原体肺炎"", ""急性硬膜外血肿"", ""肩关节前脱位""]","1","17/5/1941","4","13/4/2022 21:25:58"
"1180","test152","123456","计基寿","0","110000","110105","珠江帝景6栋1103室","15339255344","计屹刚","17634168170","哥哥","1","0","0","[]","[]","1","1/7/1945","1","13/4/2022 21:25:58"
"1181","test153","123456","臧宛圆","1","110000","110105","世华泊郡10栋602室","18066887361","臧奎奎","13769112593","外孙","0","0","0","[]","[]","1","27/2/1945","2","13/4/2022 21:25:58"
"1182","test154","123456","娄姃依","1","710000","110105","东方雅苑5栋302室","15093581508","娄庥","13803115244","儿子","1","0","0","[""麻疹"", ""白血病""]","[""麻疹"", ""白血病""]","1","2/1/1953","2","13/4/2022 21:25:58"
"1183","test155","123456","江选剑","0","110000","110105","北苑家园茉莉园10栋102室","18008446092","江羲锋","13948074323","表兄","1","0","0","[""乙脑"", ""心梗""]","[""乙脑"", ""心梗""]","1","14/8/1933","2","13/4/2022 21:25:58"
"1184","test156","123456","潘姿翠","1","110000","110105","万科星园8栋1101室","13011199317","潘倩影","18239436476","外甥女表姐","1","0","0","[""急性盆腔炎""]","[""急性盆腔炎""]","1","18/9/1940","2","13/4/2022 21:25:58"
"1185","test157","123456","喻钊仕","0","110000","110105","世华泊郡8栋502室","15185622529","喻勇锴","18756536569","表兄","1","0","0","[""猩红热""]","[""猩红热""]","1","25/12/1958","1","13/4/2022 21:25:58"
"1186","test158","123456","邓姝翠","1","110000","110105","一线国际1栋702室","15691190713","邓宗冲","18104129777","哥哥","1","0","1","[""脑血栓"", ""乙脑""]","[""脑血栓"", ""乙脑""]","1","1/6/1956","4","13/4/2022 21:25:58"
"1187","test159","123456","毛嬿姃","1","110000","110105","苹果社区南区12栋1603室","13413235257","毛柔琬","17749696561","女儿","1","0","0","[""子宫肌瘤""]","[""子宫肌瘤""]","1","18/7/1962","1","13/4/2022 21:25:58"
"1188","test160","123456","水璎嬿","1","110000","110105","国美第一城3号院5栋602室","15252087678","水懿","18809982463","表兄","1","1","0","[""肺栓塞"", ""冠心病""]","[""肺栓塞"", ""冠心病""]","1","8/10/1949","3","13/4/2022 21:25:58"
"1189","test161","123456","钟宗山","0","110000","110105","炫特家园二期9栋1101室","18960239365","钟伟逵","17735713028","外孙","1","1","1","[""卵巢肿瘤"", ""阵发性室性心动过速""]","[""卵巢肿瘤"", ""阵发性室性心动过速""]","1","27/8/1934","4","13/4/2022 21:25:58"
"1190","test162","123456","毕怡慈","1","370000","110105","翠城馨园1栋1201室","13573406506","毕伟锋","18289145170","孙子","1","0","1","[]","[]","1","5/10/1952","3","13/4/2022 21:25:58"
"1191","test163","123456","凌璎纾","1","110000","110105","国美第一城3号院1栋1601室","18213729011","凌姗姃","15952485172","爱人","1","0","0","[]","[]","1","1/10/1937","2","13/4/2022 21:25:58"
"1192","test164","123456","徐嵩","0","110000","110105","柏林爱乐二期1栋601室","18972519185","徐姃倩","13293283211","妹妹","1","0","0","[""软组织急性化脓性感染""]","[""软组织急性化脓性感染""]","1","21/8/1943","1","13/4/2022 21:25:58"
"1193","test165","123456","狄庥羲","0","110000","110105","北苑家园望春园4栋602室","15171707936","狄宗生","17732893422","弟弟","1","0","0","[]","[]","1","13/10/1958","2","13/4/2022 21:25:58"
"1194","test166","123456","盛珊婵","1","110000","110105","西坝河东里1栋402室","13522736058","盛宗奎","18241316151","爱人","0","0","0","[""右心衰"", ""心梗""]","[""右心衰"", ""心梗""]","1","24/1/1939","2","13/4/2022 21:25:58"
"1195","test167","123456","鲍惜","1","110000","110105","华威北里7栋1503室","18357942785","鲍怡钰","18963939812","姐姐","1","1","0","[""乙肝"", ""肾小球肾炎""]","[""乙肝"", ""肾小球肾炎""]","1","2/9/1956","3","13/4/2022 21:25:58"
"1196","test168","123456","严瑜","0","110000","110105","万科星园11栋1403室","18895767512","严姃宛","18077120590","爱人","1","0","0","[""风疹"", ""脑疝""]","[""风疹"", ""脑疝""]","1","8/11/1934","3","13/4/2022 21:25:58"
"1197","test169","123456","昝情惜","1","110000","110105","珠江帝景12栋1403室","18769363004","昝姗婵","13269084325","侄女","1","0","0","[""流脑""]","[""流脑""]","1","11/5/1934","1","13/4/2022 21:25:58"
"1198","test170","123456","赵璎伊","1","110000","110105","松榆西里8栋701室","13588833494","赵琇","18282211776","孙子","1","0","0","[]","[]","1","26/9/1943","1","13/4/2022 21:25:58"
"1199","test171","123456","皮玮","0","110000","110105","北苑家园望春园11栋1703室","15700586547","皮靓","18475652648","侄女","1","0","0","[]","[]","1","6/6/1943","1","13/4/2022 21:25:58"
"1200","test172","123456","季镜寿","0","110000","110105","世华泊郡1栋1701室","17657560610","季姃靓","15017822069","侄女","0","0","0","[""急性硬膜外血肿"", ""乙肝"", ""下尿路感染"", ""尿路感染""]","[""急性硬膜外血肿"", ""乙肝"", ""下尿路感染"", ""尿路感染""]","1","6/12/1944","3","13/4/2022 21:25:58"
"1201","test173","123456","齐纾缘","1","110000","110105","一线国际1栋1301室","15252265836","齐选才","15215553576","儿子","1","1","0","[]","[]","1","6/7/1936","2","13/4/2022 21:25:58"
"1202","test174","123456","湛选钧","0","110000","110105","国美第一城3号院7栋201室","15098660283","湛怡琬","15234588644","侄女","1","0","0","[""急性硬膜外血肿""]","[""急性硬膜外血肿""]","1","8/3/1952","1","13/4/2022 21:25:58"
"1203","test175","123456","强燕燕","1","110000","110105","世华泊郡5栋1503室","18951595644","强情馨","15273182989","姐姐","1","0","0","[""支气管肺炎"", ""结核性胸膜炎""]","[""支气管肺炎"", ""结核性胸膜炎""]","1","9/5/1948","2","13/4/2022 21:25:58"
"1204","test176","123456","毕怡璎","1","110000","110105","北苑家园茉莉园3栋701室","13970347741","毕伍峻","18779679373","爱人","1","0","0","[""乙肝"", ""大叶性肺炎"", ""二尖瓣狭窄""]","[""乙肝"", ""大叶性肺炎"", ""二尖瓣狭窄""]","1","7/10/1947","2","13/4/2022 21:25:58"
"1205","test177","123456","蓝钊璈","0","110000","110105","金隅丽景园3栋1102室","18708613289","蓝刚锐","17618841177","表兄","0","0","0","[""猩红热""]","[""猩红热""]","1","20/8/1961","2","13/4/2022 21:25:58"
"1206","test178","123456","杨依姗","1","110000","110105","华威北里6栋1003室","18302010813","杨慈情","15698709002","侄女","1","0","0","[""髋关节后脱位"", ""结核性腹膜炎"", ""心源性休克"", ""子宫肌瘤""]","[""髋关节后脱位"", ""结核性腹膜炎"", ""心源性休克"", ""子宫肌瘤""]","1","22/3/1943","2","13/4/2022 21:25:58"
"1207","test179","123456","项倩瑛","1","110000","110105","国美第一城3号院6栋1503室","18001534549","项峻伍","18610931560","外甥","1","0","0","[""再生障碍性贫血"", ""异位妊娠"", ""佝偻病"", ""化脑""]","[""再生障碍性贫血"", ""异位妊娠"", ""佝偻病"", ""化脑""]","1","23/12/1960","2","13/4/2022 21:25:58"
"1208","test180","123456","昌馨娴","1","110000","110105","金隅丽景园2栋101室","15220547297","昌奎铨","18661084698","表兄","1","0","0","[""皮下急性蜂窝织炎""]","[""皮下急性蜂窝织炎""]","1","26/6/1957","1","13/4/2022 21:25:58"
"1209","test181","123456","明阳","0","230000","110105","东方雅苑9栋502室","18060879159","明宗宥","17805460311","哥哥","1","0","0","[""肺栓塞"", ""化脑""]","[""肺栓塞"", ""化脑""]","1","19/2/1953","2","13/4/2022 21:25:58"
"1210","test182","123456","黄钊臣","0","110000","110105","八里庄北里小区3栋1702室","13125201299","黄柔诗","15987740906","外孙女","1","0","0","[""再生障碍性贫血"", ""艾滋病"", ""肩关节前脱位"", ""肱骨髁上骨折"", ""甲肝""]","[""再生障碍性贫血"", ""艾滋病"", ""肩关节前脱位"", ""肱骨髁上骨折"", ""甲肝""]","1","26/7/1962","3","13/4/2022 21:25:58"
"1211","test183","123456","戚依","1","110000","110105","金隅丽景园5栋1202室","15019271408","戚镜伍","18096442837","外孙","1","0","0","[""桡骨远端骨折"", ""宫颈癌""]","[""桡骨远端骨折"", ""宫颈癌""]","1","28/4/1948","2","13/4/2022 21:25:58"
"1212","test184","123456","袁庥硕","0","820000","110105","珠江帝景1栋602室","13593426192","袁姿翠","18021971195","侄女","1","0","0","[""肾结核""]","[""肾结核""]","1","20/8/1936","2","13/4/2022 21:25:58"
"1213","test185","123456","柳依姝","1","230000","110105","万科星园5栋1701室","18004824652","柳基铨","18575075610","侄子","1","0","0","[""病脑"", ""肾盂肾炎""]","[""病脑"", ""肾盂肾炎""]","1","25/11/1951","2","13/4/2022 21:25:58"
"1214","test186","123456","何宛慈","1","110000","110105","世华泊郡9栋201室","15676406605","何姃伊","15334416553","姐姐","1","0","0","[""主动脉瓣狭窄""]","[""主动脉瓣狭窄""]","1","3/10/1946","1","13/4/2022 21:25:58"
"1215","test187","123456","袁姃琬","1","110000","110105","华贸城4栋402室","15314973579","袁怡圆","17802519888","姐姐","1","0","0","[""大叶性肺炎""]","[""大叶性肺炎""]","1","2/5/1946","2","13/4/2022 21:25:58"
"1216","test188","123456","章刚生","0","110000","110105","一线国际2栋402室","18503564549","章姃婵","13703304681","女儿","1","0","0","[""肾小球肾炎"", ""冠心病"", ""风疹"", ""脑栓塞""]","[""肾小球肾炎"", ""冠心病"", ""风疹"", ""脑栓塞""]","1","28/5/1959","4","13/4/2022 21:25:58"
"1217","test189","123456","计嫣惜","1","110000","110105","北苑家园茉莉园8栋201室","13150858291","计疆锐","18947614970","儿子","1","0","1","[""肩关节前脱位"", ""乙脑""]","[""肩关节前脱位"", ""乙脑""]","1","10/4/1944","4","13/4/2022 21:25:58"
"1218","test190","123456","万燕靓","1","120000","110105","华贸城10栋1201室","13509626839","万姃伊","18313586660","侄女","1","0","0","[""佝偻病""]","[""佝偻病""]","1","11/12/1962","1","13/4/2022 21:25:58"
"1219","test191","123456","杭钰","1","110000","110105","一线国际6栋803室","13245959308","杭艳宛","15881033149","侄女","1","1","0","[]","[]","1","1/6/1942","2","13/4/2022 21:25:58"
"1220","test192","123456","时羲剑","0","110000","110105","北苑家园望春园10栋102室","13521264508","时柔翠","17780934113","姐姐","1","0","0","[""支原体肺炎"", ""风疹""]","[""支原体肺炎"", ""风疹""]","1","20/12/1961","3","13/4/2022 21:25:58"
"1221","test193","123456","虞艳姃","1","110000","110105","芍药居北里9栋1401室","18690564716","虞镜钧","18129507887","爱人","1","0","0","[]","[]","1","11/12/1936","1","13/4/2022 21:25:58"
"1222","test194","123456","莫崇生","0","110000","110105","东方雅苑12栋1203室","15878807489","莫柔燕","18847748914","孙女","1","0","0","[]","[]","1","28/1/1936","1","13/4/2022 21:25:58"
"1223","test195","123456","王柔娴","1","110000","110105","世华泊郡8栋201室","13989743497","王姃伊","15130713430","爱人","0","0","0","[""股骨颈骨折"", ""急疹"", ""艾滋病"", ""支气管哮喘""]","[""股骨颈骨折"", ""急疹"", ""艾滋病"", ""支气管哮喘""]","1","22/3/1953","4","13/4/2022 21:25:58"
"1224","test196","123456","梅柔诗","1","410000","110105","世华泊郡6栋201室","15992427630","梅勇奎","18449008244","儿子","0","0","0","[""丙肝"", ""左心衰"", ""肺心病"", ""髋关节后脱位"", ""阵发性室性心动过速""]","[""丙肝"", ""左心衰"", ""肺心病"", ""髋关节后脱位"", ""阵发性室性心动过速""]","1","15/4/1935","4","13/4/2022 21:25:58"
"1225","test197","123456","金嬿靓","1","330000","110105","农光里8栋1501室","18348890129","金宗寿","15712358617","哥哥","1","1","0","[""股骨颈骨折""]","[""股骨颈骨折""]","1","5/7/1939","4","13/4/2022 21:25:58"
"1226","test198","123456","诸姗琬","1","110000","110105","农光里12栋903室","15041346781","诸娅伊","15873951640","外孙女","1","0","0","[""结脑"", ""主动脉瓣狭窄"", ""自身免疫性溶血性贫血"", ""特发性血小板减少紫癜"", ""肺癌""]","[""结脑"", ""主动脉瓣狭窄"", ""自身免疫性溶血性贫血"", ""特发性血小板减少紫癜"", ""肺癌""]","1","5/6/1951","4","13/4/2022 21:25:58"
"1227","test199","123456","萧宛宛","1","110000","110105","西坝河东里6栋102室","13731792770","萧燕燕","15591287520","妹妹","1","0","0","[]","[]","1","23/3/1955","1","13/4/2022 21:25:58"
"1228","test200","123456","洪宗生","0","110000","110105","南沙滩小区3栋1302室","13120405507","洪城","17637317919","侄子","0","0","0","[""脑疝"", ""再生障碍性贫血""]","[""脑疝"", ""再生障碍性贫血""]","1","27/6/1952","2","13/4/2022 21:25:58"
"1229","test201","123456","何璎缘","1","110000","110105","世华泊郡11栋1503室","13140604054","何选锴","13995332048","哥哥","1","1","0","[]","[]","1","9/8/1958","2","13/4/2022 21:25:58"
"1230","test202","123456","张刚璈","0","110000","110105","东方雅苑10栋1001室","13809587200","张勇","18447373369","孙子","1","0","0","[""肩关节前脱位""]","[""肩关节前脱位""]","1","28/12/1955","1","13/4/2022 21:25:58"
"1231","test203","123456","胡祥铨","0","110000","110105","南沙滩小区11栋203室","13550256329","胡伟","18354325471","外孙","1","0","0","[""脑血栓"", ""脑疝"", ""支原体肺炎""]","[""脑血栓"", ""脑疝"", ""支原体肺炎""]","1","27/7/1945","2","13/4/2022 21:25:58"
"1232","test204","123456","熊冲宗","0","110000","110105","北苑家园茉莉园2栋803室","18495503924","熊亿","18072224636","弟弟","1","1","0","[""风疹"", ""急性淋巴管炎"", ""结核性腹膜炎"", ""蛛网膜下腔出血""]","[""风疹"", ""急性淋巴管炎"", ""结核性腹膜炎"", ""蛛网膜下腔出血""]","1","5/10/1941","4","13/4/2022 21:25:58"
"1233","test205","123456","卜庥伍","0","110000","110105","华威北里7栋201室","13575707268","卜姿燕","18482434985","外孙女","1","0","0","[""阵发性室上性心动过速"", ""卵巢肿瘤蒂扭转""]","[""阵发性室上性心动过速"", ""卵巢肿瘤蒂扭转""]","1","6/9/1951","2","13/4/2022 21:25:58"
"1234","test206","123456","田丞","0","110000","110105","北苑家园望春园2栋102室","13441646818","田钊","17812587274","孙子","1","1","0","[""异位妊娠"", ""阵发性室性心动过速"", ""乙肝"", ""股骨颈骨折""]","[""异位妊娠"", ""阵发性室性心动过速"", ""乙肝"", ""股骨颈骨折""]","1","19/8/1936","4","13/4/2022 21:25:58"
"1235","test207","123456","卢诚","0","110000","110105","农光里2栋1101室","18749244581","卢得世","13625283387","孙子","1","0","0","[""病脑""]","[""病脑""]","1","28/5/1962","1","13/4/2022 21:25:58"
"1236","test208","123456","喻选忍","0","110000","110105","柏林爱乐二期9栋201室","18073481915","喻捷屹","15205303042","外甥","1","0","1","[""股骨颈骨折"", ""阵发性室上性心动过速""]","[""股骨颈骨折"", ""阵发性室上性心动过速""]","1","25/11/1957","4","13/4/2022 21:25:58"
"1237","test209","123456","董玙","0","110000","110105","松榆西里4栋502室","18884686690","董奎硕","13461887210","侄子","1","1","0","[]","[]","1","21/11/1939","2","13/4/2022 21:25:58"
"1238","test210","123456","和宛依","1","110000","110105","北苑家园望春园9栋702室","18615556314","和信","13231890748","外孙","1","0","0","[]","[]","1","5/1/1955","1","13/4/2022 21:25:58"
"1239","test211","123456","傅鑫","0","110000","110105","珠江帝景7栋1503室","13098938763","傅得剑","15365164112","孙子","1","0","0","[""支原体肺炎""]","[""支原体肺炎""]","1","17/4/1936","2","13/4/2022 21:25:58"
"1240","test212","123456","杨镜捷","0","110000","110105","翠城馨园2栋103室","13304018294","杨宗","18545350423","哥哥","1","1","0","[""尿路感染"", ""慢性肾盂肾炎急性发作""]","[""尿路感染"", ""慢性肾盂肾炎急性发作""]","1","19/2/1962","3","13/4/2022 21:25:58"
"1241","test213","123456","昝瑷","0","110000","110105","住欣家园1栋401室","13960831536","昝垚","15793260253","外甥","1","0","0","[""病脑"", ""肋骨骨折""]","[""病脑"", ""肋骨骨折""]","1","18/1/1932","2","13/4/2022 21:25:58"
"1242","test214","123456","孙庥骥","0","110000","110105","柏林爱乐二期1栋501室","13786370305","孙姗缘","13451944673","孙女","1","0","0","[""风疹""]","[""风疹""]","1","18/5/1960","2","13/4/2022 21:25:58"
"1243","test215","123456","汤姿宛","1","110000","110105","八里庄北里小区3栋502室","15806379808","汤姗姝","18718244804","女儿","1","0","0","[""皮下急性蜂窝织炎"", ""结核性胸膜炎"", ""心源性休克"", ""肩关节前脱位"", ""肾癌""]","[""皮下急性蜂窝织炎"", ""结核性胸膜炎"", ""心源性休克"", ""肩关节前脱位"", ""肾癌""]","1","10/9/1937","3","13/4/2022 21:25:58"
"1244","test216","123456","于珊伊","1","110000","110105","华贸城1栋1303室","18250161859","于嵋伊","18510210833","侄女","0","0","0","[""肩关节前脱位"", ""输尿管结石""]","[""肩关节前脱位"", ""输尿管结石""]","1","23/10/1949","3","13/4/2022 21:25:58"
"1245","test217","123456","康柔慈","1","110000","110105","东方雅苑4栋1601室","13132408773","康倩翠","15168658298","表妹","1","0","0","[""卵巢肿瘤蒂扭转"", ""桡骨头半脱位""]","[""卵巢肿瘤蒂扭转"", ""桡骨头半脱位""]","1","24/9/1945","3","13/4/2022 21:25:58"
"1246","test218","123456","魏伍仕","0","110000","110105","柏林爱乐二期3栋502室","13539478842","魏姗宛","13839904871","女儿","1","0","0","[""缺铁性贫血"", ""右心衰"", ""异位妊娠"", ""肺心病""]","[""缺铁性贫血"", ""右心衰"", ""异位妊娠"", ""肺心病""]","1","16/12/1949","4","13/4/2022 21:25:58"
"1247","test219","123456","夏彩瑛","1","110000","110105","东方雅苑11栋1703室","18366709173","夏姗宛","13983942852","妹妹","1","0","0","[""大叶性肺炎"", ""风疹"", ""异位妊娠""]","[""大叶性肺炎"", ""风疹"", ""异位妊娠""]","1","8/9/1951","3","13/4/2022 21:25:58"
"1248","test220","123456","盛彩婵","1","110000","110105","世华泊郡7栋1203室","18161544170","盛姗韵","15099478868","孙女","1","1","0","[]","[]","1","12/12/1947","4","13/4/2022 21:25:58"
"1249","test221","123456","曹奎忍","0","110000","110105","华威北里8栋1701室","13817697917","曹柔嬿","18117084608","孙女","1","0","0","[""肾衰""]","[""肾衰""]","1","9/8/1961","1","13/4/2022 21:25:58"
"1250","test222","123456","萧依翠","1","110000","110105","国美第一城3号院4栋1501室","17663399722","萧阳","13930708876","表兄","1","0","0","[""失血性休克"", ""化脑"", ""脑梗死""]","[""失血性休克"", ""化脑"", ""脑梗死""]","1","25/1/1933","3","13/4/2022 21:25:58"
"1251","test223","123456","单姝怡","1","110000","110105","万科星园5栋1003室","15278412257","单疆铨","15387117474","侄子","1","0","0","[""肺癌"", ""急性淋巴管炎""]","[""肺癌"", ""急性淋巴管炎""]","1","27/6/1932","2","13/4/2022 21:25:58"
"1252","test224","123456","郑得剑","0","310000","110105","安贞西里12栋1402室","13024968714","郑婉靓","17833474763","表妹","1","0","0","[]","[]","1","20/6/1957","1","13/4/2022 21:25:58"
"1253","test225","123456","吕祥才","0","110000","110105","国美第一城3号院9栋1401室","18794789145","吕伍钊","18855504614","爱人","1","0","0","[""急性盆腔炎"", ""下尿路感染"", ""乙肝"", ""股骨颈骨折""]","[""急性盆腔炎"", ""下尿路感染"", ""乙肝"", ""股骨颈骨折""]","1","3/3/1934","3","13/4/2022 21:25:58"
"1254","test226","123456","酆怡情","1","110000","110105","八里庄北里小区5栋1103室","13354924503","酆姝婵","13377804991","侄女","1","0","0","[""急性淋巴管炎""]","[""急性淋巴管炎""]","1","11/3/1945","2","13/4/2022 21:25:58"
"1255","test227","123456","左彩伊","1","540000","110105","金隅丽景园4栋302室","13608031327","左姃姿","15000474933","孙女","1","0","0","[""风疹"", ""脑梗死""]","[""风疹"", ""脑梗死""]","1","6/9/1939","2","13/4/2022 21:25:58"
"1256","test228","123456","傅姃瑛","1","820000","110105","柏林爱乐二期2栋1103室","15392359891","傅娅影","15136145497","外甥女表姐","1","0","0","[""阵发性室性心动过速""]","[""阵发性室性心动过速""]","1","3/9/1942","1","13/4/2022 21:25:58"
"1257","test229","123456","曹骥锐","0","110000","110105","珠江帝景1栋1402室","17649400068","曹姝艳","17852051512","妹妹","1","0","0","[""房颤""]","[""房颤""]","1","28/9/1947","1","13/4/2022 21:25:58"
"1258","test230","123456","罗冲刚","0","110000","110105","世华泊郡10栋1702室","15222281379","罗铎仁","17728699936","爱人","1","0","0","[]","[]","1","24/2/1938","1","13/4/2022 21:25:58"
"1259","test231","123456","时祥硕","0","110000","110105","芍药居北里2栋1603室","18309656913","时锴寿","15399597049","儿子","1","0","0","[""肱骨干骨折""]","[""肱骨干骨折""]","1","22/2/1938","1","13/4/2022 21:25:58"
"1260","test232","123456","罗琬","1","110000","110105","万科星园7栋1501室","18515281046","罗嵋馨","17716189455","女儿","1","0","0","[""主动脉瓣狭窄""]","[""主动脉瓣狭窄""]","1","28/8/1932","1","13/4/2022 21:25:58"
"1261","test233","123456","季韶","0","110000","110105","南沙滩小区7栋203室","13417320595","季婵","13244355643","女儿","0","1","0","[""病脑"", ""肺结核"", ""风疹"", ""佝偻病""]","[""病脑"", ""肺结核"", ""风疹"", ""佝偻病""]","1","12/8/1958","4","13/4/2022 21:25:58"
"1262","test234","123456","莫嬿圆","1","110000","110105","翠城馨园7栋1503室","17713116106","莫基仕","15343662397","孙子","0","0","0","[""自身免疫性溶血性贫血""]","[""自身免疫性溶血性贫血""]","1","2/5/1958","2","13/4/2022 21:25:58"
"1263","test235","123456","穆姃靓","1","110000","110105","苹果社区南区3栋701室","18619455595","穆宗剑","18286649472","爱人","1","0","0","[""肱骨外科颈骨折""]","[""肱骨外科颈骨折""]","1","6/3/1960","1","13/4/2022 21:25:58"
"1264","test236","123456","孟婵","1","110000","110105","国美第一城3号院1栋1303室","18838043387","孟睿","15031254915","爱人","1","0","0","[""金色葡萄球菌肺炎""]","[""金色葡萄球菌肺炎""]","1","13/5/1933","1","13/4/2022 21:25:58"
"1265","test237","123456","江影倩","1","150000","110105","松榆西里7栋1602室","15339609366","江宛璎","15232404915","女儿","1","0","0","[""肱骨外科颈骨折"", ""尿路感染""]","[""肱骨外科颈骨折"", ""尿路感染""]","1","22/1/1936","2","13/4/2022 21:25:58"
"1266","test238","123456","昝星","0","110000","110105","芍药居北里4栋1001室","13310918278","昝选逵","18860916319","哥哥","0","0","0","[""慢性肾盂肾炎急性发作"", ""血胸"", ""脑栓塞""]","[""慢性肾盂肾炎急性发作"", ""血胸"", ""脑栓塞""]","1","27/1/1962","3","13/4/2022 21:25:58"
"1267","test239","123456","齐怡园","1","110000","110105","一线国际10栋1402室","13589353398","齐姿怡","13021411170","孙女","1","0","0","[""结核性心包炎"", ""再生障碍性贫血"", ""主动脉瓣关闭不全"", ""痈""]","[""结核性心包炎"", ""再生障碍性贫血"", ""主动脉瓣关闭不全"", ""痈""]","1","17/8/1952","2","13/4/2022 21:25:58"
"1268","test240","123456","金璎娴","1","110000","110105","翠城馨园12栋403室","13619195008","金疆锴","17899425776","爱人","0","0","0","[]","[]","1","25/9/1947","3","13/4/2022 21:25:58"
"1269","test241","123456","苗姿情","1","110000","110105","芍药居北里2栋1201室","18380639113","苗依娴","13009880215","孙女","0","1","0","[""肾小球肾炎"", ""肾结核"", ""风疹"", ""大叶性肺炎"", ""支气管哮喘""]","[""肾小球肾炎"", ""肾结核"", ""风疹"", ""大叶性肺炎"", ""支气管哮喘""]","1","4/8/1936","4","13/4/2022 21:25:58"
"1270","test242","123456","郎姿姗","1","110000","110105","金隅丽景园10栋701室","15301314260","郎宛嫣","15803355358","侄女","1","0","0","[]","[]","1","26/2/1943","1","13/4/2022 21:25:58"
"1271","test243","123456","薛冲寿","0","110000","110105","万科星园8栋1702室","15208452548","薛储","13635804739","孙子","1","0","0","[""肱骨髁上骨折"", ""阵发性室上性心动过速""]","[""肱骨髁上骨折"", ""阵发性室上性心动过速""]","1","8/10/1936","2","13/4/2022 21:25:58"
"1272","test244","123456","霍瑛娅","1","110000","110105","世华泊郡12栋1603室","18433262670","霍奎奎","15510908037","外孙","1","0","0","[""结核性腹膜炎""]","[""结核性腹膜炎""]","1","6/5/1949","1","13/4/2022 21:25:58"
"1273","test245","123456","李姗","1","110000","110105","炫特家园二期11栋1201室","18710441515","李依瑛","18484892215","外孙女","1","0","1","[""痈"", ""脑出血""]","[""痈"", ""脑出血""]","1","27/2/1941","4","13/4/2022 21:25:58"
"1274","test246","123456","贺惜嫣","1","110000","110105","金隅丽景园12栋501室","15623001688","贺璎","18911430425","爱人","1","0","0","[""心梗""]","[""心梗""]","1","24/1/1960","1","13/4/2022 21:25:58"
"1275","test247","123456","孙嬿园","1","110000","110105","国美第一城3号院12栋1201室","13482104046","孙姿姝","17741385414","姐姐","1","0","0","[""结脑"", ""房颤"", ""脑震荡"", ""急性盆腔炎"", ""缺铁性贫血""]","[""结脑"", ""房颤"", ""脑震荡"", ""急性盆腔炎"", ""缺铁性贫血""]","1","11/2/1932","4","13/4/2022 21:25:58"
"1276","test248","123456","姚捷臣","0","110000","110105","珠江帝景10栋502室","18207846281","姚惜情","18861908683","孙女","1","0","0","[""支气管肺炎"", ""缺铁性贫血""]","[""支气管肺炎"", ""缺铁性贫血""]","1","12/9/1952","3","13/4/2022 21:25:58"
"1277","test249","123456","邵娅影","1","370000","110105","华贸城5栋1302室","13168081547","邵依嬿","13851846252","表妹","1","0","0","[""心绞痛""]","[""心绞痛""]","1","17/4/1956","2","13/4/2022 21:25:58"
"1278","test250","123456","邹纾","1","130000","110105","松榆西里8栋1103室","13663513921","邹钜","13131846718","外甥","1","0","0","[""呼吸衰竭"", ""皮下急性蜂窝织炎""]","[""呼吸衰竭"", ""皮下急性蜂窝织炎""]","1","18/3/1948","2","13/4/2022 21:25:58"
"1279","test251","123456","滕度","0","110000","110105","万科星园3栋1202室","18273835816","滕婉","13585562469","外甥女表姐","1","0","0","[""主动脉瓣狭窄""]","[""主动脉瓣狭窄""]","1","23/3/1933","1","13/4/2022 21:25:58"
"1280","test252","123456","冯得剑","0","110000","110105","东方雅苑1栋902室","18905537750","冯依慈","13196083074","表妹","1","0","0","[""宫颈癌""]","[""宫颈癌""]","1","20/12/1961","1","13/4/2022 21:25:58"
"1281","test253","123456","余依馨","1","110000","110105","珠江帝景8栋1503室","18011420725","余得锐","18230512271","儿子","1","0","0","[""脑梗死"", ""输尿管结石""]","[""脑梗死"", ""输尿管结石""]","1","3/2/1948","2","13/4/2022 21:25:58"
"1282","test254","123456","梁峻剑","0","110000","110105","南沙滩小区6栋802室","18198161708","梁声","17659652780","外孙","1","0","0","[""输尿管结石"", ""宫颈癌"", ""肺癌"", ""丙肝""]","[""输尿管结石"", ""宫颈癌"", ""肺癌"", ""丙肝""]","1","26/12/1938","2","13/4/2022 21:25:58"
"1283","test255","123456","孔城世","0","110000","110105","世华泊郡6栋203室","15159219997","孔姗璎","18221957407","姐姐","1","0","0","[""呼吸衰竭""]","[""呼吸衰竭""]","1","20/5/1933","1","13/4/2022 21:25:58"
"1284","test256","123456","杭崇剑","0","110000","110105","国美第一城3号院10栋1701室","15913457575","杭崇锋","18666475444","弟弟","1","0","0","[""脑出血""]","[""脑出血""]","1","26/7/1962","2","13/4/2022 21:25:58"
"1285","test257","123456","苏倩缘","1","110000","110105","金隅丽景园12栋201室","13702177992","苏怡姿","15192521505","孙女","1","0","0","[""缺铁性贫血"", ""金色葡萄球菌肺炎"", ""急性硬膜外血肿"", ""支原体肺炎""]","[""缺铁性贫血"", ""金色葡萄球菌肺炎"", ""急性硬膜外血肿"", ""支原体肺炎""]","1","19/3/1953","2","13/4/2022 21:25:58"
"1286","test258","123456","钱翱铨","0","110000","110105","芍药居北里12栋1402室","15987539536","钱奎硕","13015502814","表兄","1","0","0","[""结核性胸膜炎"", ""支气管扩张"", ""肋骨骨折"", ""乙脑"", ""丹毒""]","[""结核性胸膜炎"", ""支气管扩张"", ""肋骨骨折"", ""乙脑"", ""丹毒""]","1","6/6/1941","4","13/4/2022 21:25:58"
"1287","test259","123456","孙盛伍","0","110000","110105","万科星园9栋202室","15172035803","孙星","18502588784","哥哥","1","1","0","[""痈""]","[""痈""]","1","15/8/1933","3","13/4/2022 21:25:58"
"1288","test260","123456","彭纾","1","110000","110105","住欣家园10栋502室","13910320416","彭舜","13930692277","外孙","1","0","0","[]","[]","1","9/5/1936","2","13/4/2022 21:25:58"
"1289","test261","123456","贾姿惜","1","110000","110105","芍药居北里4栋1101室","17709319834","贾依宛","18447884935","侄女","1","1","0","[""心梗"", ""肾结核""]","[""心梗"", ""肾结核""]","1","11/12/1940","3","13/4/2022 21:25:58"
"1290","test262","123456","舒怡婵","1","110000","110105","苹果社区南区4栋702室","13486548190","舒素","18726536302","弟弟","1","0","0","[""肱骨干骨折"", ""金色葡萄球菌肺炎"", ""主动脉瓣关闭不全"", ""支气管哮喘""]","[""肱骨干骨折"", ""金色葡萄球菌肺炎"", ""主动脉瓣关闭不全"", ""支气管哮喘""]","1","25/10/1952","4","13/4/2022 21:25:58"
"1291","test263","123456","杨盛伍","0","110000","110105","苹果社区南区6栋1202室","18556458955","杨冲刚","17706484980","孙子","1","0","0","[]","[]","1","8/9/1945","2","13/4/2022 21:25:58"
"1292","test264","123456","柯善","0","110000","110105","华贸城9栋1702室","18720769429","柯容","18354734892","弟弟","1","0","0","[""卵巢肿瘤蒂扭转"", ""输尿管结石"", ""再生障碍性贫血"", ""丙肝"", ""乙脑""]","[""卵巢肿瘤蒂扭转"", ""输尿管结石"", ""再生障碍性贫血"", ""丙肝"", ""乙脑""]","1","18/9/1955","3","13/4/2022 21:25:58"
"1293","test265","123456","禹瑛珠","1","110000","110105","农光里8栋1502室","13193490481","禹冲世","15811054997","儿子","1","0","0","[""流脑"", ""硬膜下血肿"", ""阵发性室上性心动过速"", ""脑血栓"", ""脑震荡""]","[""流脑"", ""硬膜下血肿"", ""阵发性室上性心动过速"", ""脑血栓"", ""脑震荡""]","1","16/1/1961","3","13/4/2022 21:25:58"
"1294","test266","123456","奚纾缘","1","110000","110105","炫特家园二期12栋902室","13066202121","奚姗影","15757193012","爱人","1","0","0","[""脑栓塞"", ""冠心病"", ""阵发性室上性心动过速"", ""心梗"", ""主动脉瓣狭窄""]","[""脑栓塞"", ""冠心病"", ""阵发性室上性心动过速"", ""心梗"", ""主动脉瓣狭窄""]","1","24/3/1936","3","13/4/2022 21:25:58"
"1295","test267","123456","平嬿姗","1","110000","110105","翠城馨园6栋102室","15943370049","平珊靓","18347280558","女儿","1","0","0","[]","[]","1","10/8/1948","1","13/4/2022 21:25:58"
"1296","test268","123456","单勇羲","0","110000","110105","住欣家园6栋601室","18920602815","单刚生","13758417981","侄子","1","1","0","[""佝偻病""]","[""佝偻病""]","1","9/1/1939","3","13/4/2022 21:25:58"
"1297","test269","123456","颜选羲","0","110000","110105","安贞西里7栋202室","13627407422","颜骢才","18513994298","孙子","1","0","0","[""主动脉瓣狭窄"", ""股骨颈骨折"", ""佝偻病"", ""结核性心包炎""]","[""主动脉瓣狭窄"", ""股骨颈骨折"", ""佝偻病"", ""结核性心包炎""]","1","24/5/1948","3","13/4/2022 21:25:58"
"1298","test270","123456","孟依姿","1","110000","110105","万科星园6栋603室","18412153903","孟庥生","18656232375","哥哥","1","0","0","[""风疹""]","[""风疹""]","1","12/12/1955","1","13/4/2022 21:25:58"
"1299","test271","123456","酆勇锐","0","110000","110105","八里庄北里小区5栋1401室","13462824627","酆忍","13727328337","外甥","1","0","0","[""脑疝"", ""乙肝"", ""张力性气胸"", ""髋关节后脱位""]","[""脑疝"", ""乙肝"", ""张力性气胸"", ""髋关节后脱位""]","1","5/1/1950","2","13/4/2022 21:25:58"
"1300","test272","123456","蔡珠翠","1","110000","110105","国美第一城3号院3栋1001室","13680396470","蔡骏","15704828367","孙子","1","0","0","[""肾结石"", ""输尿管结石"", ""支气管哮喘"", ""肱骨干骨折"", ""克雷伯杆菌肺炎""]","[""肾结石"", ""输尿管结石"", ""支气管哮喘"", ""肱骨干骨折"", ""克雷伯杆菌肺炎""]","1","21/10/1941","3","13/4/2022 21:25:58"
"1301","test273","123456","霍庥世","0","110000","110105","柏林爱乐二期1栋203室","13501606435","霍馨娴","17603041129","外甥女表姐","1","1","0","[""下尿路感染"", ""流脑"", ""主动脉瓣关闭不全"", ""卵巢肿瘤"", ""脑疝""]","[""下尿路感染"", ""流脑"", ""主动脉瓣关闭不全"", ""卵巢肿瘤"", ""脑疝""]","1","17/2/1933","4","13/4/2022 21:25:58"
"1302","test274","123456","黄姃琬","1","110000","110105","北苑家园茉莉园7栋1701室","17734581934","黄得逵","13403886517","外孙","1","0","0","[""蛛网膜下腔出血"", ""软组织急性化脓性感染"", ""二尖瓣狭窄"", ""支气管哮喘"", ""异位妊娠""]","[""蛛网膜下腔出血"", ""软组织急性化脓性感染"", ""二尖瓣狭窄"", ""支气管哮喘"", ""异位妊娠""]","1","4/9/1960","4","13/4/2022 21:25:58"
"1303","test275","123456","和宛馨","1","110000","110105","世华泊郡3栋702室","13884100708","和姃怡","13501193989","爱人","1","0","0","[""心梗"", ""缺铁性贫血"", ""股骨颈骨折"", ""化脑"", ""肱骨髁上骨折""]","[""心梗"", ""缺铁性贫血"", ""股骨颈骨折"", ""化脑"", ""肱骨髁上骨折""]","1","20/9/1940","3","13/4/2022 21:25:58"
"1304","test276","123456","诸镜臣","0","510000","110105","世华泊郡2栋203室","18020961028","诸彩婵","13927679237","姐姐","1","0","0","[""心绞痛"", ""冠心病"", ""卵巢肿瘤"", ""肺栓塞""]","[""心绞痛"", ""冠心病"", ""卵巢肿瘤"", ""肺栓塞""]","1","12/8/1941","3","13/4/2022 21:25:58"
"1305","test277","123456","莫堂铨","0","110000","110105","华威北里8栋802室","15229887124","莫阊","13224264971","弟弟","1","1","0","[""结核性腹膜炎"", ""张力性气胸"", ""丹毒"", ""硬膜下血肿""]","[""结核性腹膜炎"", ""张力性气胸"", ""丹毒"", ""硬膜下血肿""]","1","7/6/1952","4","13/4/2022 21:25:58"
"1306","test278","123456","危镜锐","0","110000","110105","松榆西里12栋1402室","15374359917","危怡燕","18968163301","孙女","1","0","0","[]","[]","1","27/9/1954","1","13/4/2022 21:25:58"
"1307","test279","123456","袁柔园","1","110000","110105","炫特家园二期12栋1601室","15577027498","袁圆","15546289182","姐姐","1","1","1","[""化脑"", ""支原体肺炎"", ""肱骨外科颈骨折""]","[""化脑"", ""支原体肺炎"", ""肱骨外科颈骨折""]","1","24/9/1959","4","13/4/2022 21:25:58"
"1308","test280","123456","杭惜伊","1","110000","110105","八里庄北里小区2栋902室","15143892524","杭柔姿","15298469285","孙女","1","0","0","[""前列腺增生""]","[""前列腺增生""]","1","10/10/1960","2","13/4/2022 21:25:58"
"1309","test281","123456","柯翠婉","1","110000","110105","松榆西里10栋1003室","13520580427","柯柔燕","13997329689","女儿","1","0","0","[""脑栓塞"", ""脑血栓"", ""麻疹""]","[""脑栓塞"", ""脑血栓"", ""麻疹""]","1","12/3/1954","2","13/4/2022 21:25:58"
"1310","test282","123456","郎瑷","0","110000","110105","八里庄北里小区11栋1203室","17713256132","郎宥奎","17697646772","儿子","1","1","0","[""二尖瓣关闭不全"", ""肱骨外科颈骨折"", ""髋关节后脱位"", ""丙肝""]","[""二尖瓣关闭不全"", ""肱骨外科颈骨折"", ""髋关节后脱位"", ""丙肝""]","1","16/4/1954","4","13/4/2022 21:25:58"
"1311","test283","123456","朱城钢","0","110000","110105","翠城馨园2栋1101室","15800829148","朱翠娅","17757724970","妹妹","0","1","0","[]","[]","1","21/7/1945","4","13/4/2022 21:25:58"
"1312","test284","123456","童得仕","0","110000","110105","柏林爱乐二期4栋1703室","18697974227","童山","15810208795","侄子","1","1","0","[""急疹""]","[""急疹""]","1","28/9/1947","4","13/4/2022 21:25:58"
"1313","test285","123456","昝懿","0","460000","110105","苹果社区南区2栋901室","13151739184","昝冲城","15708653851","哥哥","1","1","0","[""蛛网膜下腔出血"", ""肺结核"", ""输尿管结石"", ""子宫肌瘤"", ""结核性腹膜炎""]","[""蛛网膜下腔出血"", ""肺结核"", ""输尿管结石"", ""子宫肌瘤"", ""结核性腹膜炎""]","1","28/10/1947","4","13/4/2022 21:25:58"
"1314","test286","123456","钟得绪","0","110000","110105","住欣家园10栋1003室","15656813424","钟宛依","15691707739","姐姐","0","0","0","[""肩关节前脱位""]","[""肩关节前脱位""]","1","6/6/1937","2","13/4/2022 21:25:58"
"1315","test287","123456","屈阅","0","110000","110105","安贞西里6栋703室","18055088822","屈基锐","18807179966","表兄","1","0","0","[""肺结核"", ""主动脉瓣狭窄"", ""尿路感染"", ""流脑"", ""肾结核""]","[""肺结核"", ""主动脉瓣狭窄"", ""尿路感染"", ""流脑"", ""肾结核""]","1","27/1/1935","3","13/4/2022 21:25:58"
"1316","test288","123456","郎馨娴","1","110000","110105","万科星园7栋1603室","18812823759","郎捷伍","15048100971","爱人","1","0","0","[""输尿管结石"", ""急疹"", ""前列腺增生"", ""右心衰"", ""尿路感染""]","[""输尿管结石"", ""急疹"", ""前列腺增生"", ""右心衰"", ""尿路感染""]","1","19/8/1935","3","13/4/2022 21:25:58"
"1317","test289","123456","凤依姃","1","110000","110105","芍药居北里8栋1403室","13940559723","凤祥硕","13176690134","表兄","1","0","0","[""流脑""]","[""流脑""]","1","20/10/1958","1","13/4/2022 21:25:58"
"1318","test290","123456","苗钊","0","110000","110105","炫特家园二期2栋302室","15939704293","苗馨伊","15758724702","孙女","1","0","0","[]","[]","1","25/1/1934","2","13/4/2022 21:25:58"
"1319","test291","123456","穆堂仁","0","110000","110105","国美第一城3号院9栋101室","18200972974","穆嬿影","15136103731","侄女","1","0","0","[""丙肝"", ""猩红热"", ""肱骨干骨折"", ""皮下急性蜂窝织炎"", ""二尖瓣狭窄""]","[""丙肝"", ""猩红热"", ""肱骨干骨折"", ""皮下急性蜂窝织炎"", ""二尖瓣狭窄""]","1","12/5/1932","3","13/4/2022 21:25:58"
"1320","test292","123456","马翠惜","1","110000","110105","芍药居北里2栋1703室","18538683874","马惜情","18166858363","外孙女","0","1","0","[""金色葡萄球菌肺炎""]","[""金色葡萄球菌肺炎""]","1","7/6/1939","4","13/4/2022 21:25:58"
"1321","test293","123456","苗姝园","1","110000","110105","松榆西里5栋203室","13048042140","苗翱生","17899937409","侄子","1","1","0","[""猩红热""]","[""猩红热""]","1","8/4/1957","3","13/4/2022 21:25:58"
"1322","test294","123456","吕刚生","0","110000","110105","农光里6栋1602室","13801171061","吕臣峻","15015287705","侄子","1","0","0","[""乙脑""]","[""乙脑""]","1","19/5/1957","1","13/4/2022 21:25:58"
"1323","test295","123456","水冲仕","0","110000","110105","华威北里2栋1702室","18324177780","水臣钊","15048114628","表兄","1","1","0","[]","[]","1","7/8/1961","4","13/4/2022 21:25:58"
"1324","test296","123456","俞宛珊","1","110000","110105","世华泊郡11栋802室","18946223612","俞宗翱","13025403362","哥哥","1","0","0","[""卵巢肿瘤"", ""脑栓塞"", ""髋关节后脱位"", ""猩红热"", ""肩关节前脱位""]","[""卵巢肿瘤"", ""脑栓塞"", ""髋关节后脱位"", ""猩红热"", ""肩关节前脱位""]","1","16/8/1949","4","13/4/2022 21:25:58"
"1325","test297","123456","房冲屹","0","430000","110105","世华泊郡3栋402室","17611924314","房如","17693426115","哥哥","1","1","0","[""肺结核"", ""缺铁性贫血"", ""再生障碍性贫血"", ""支气管哮喘"", ""病脑""]","[""肺结核"", ""缺铁性贫血"", ""再生障碍性贫血"", ""支气管哮喘"", ""病脑""]","1","25/6/1943","4","13/4/2022 21:25:58"
"1326","test298","123456","任姝韵","1","110000","110105","北苑家园望春园7栋1602室","13691522703","任冲","15767511529","外甥","1","0","1","[""肱骨干骨折"", ""髋关节后脱位""]","[""肱骨干骨折"", ""髋关节后脱位""]","1","1/4/1935","4","13/4/2022 21:25:58"
"1327","test299","123456","严姿姃","1","110000","110105","芍药居北里12栋603室","13392710023","严柔影","13328564426","姐姐","1","0","0","[]","[]","1","12/12/1941","2","13/4/2022 21:25:58"
"1328","test300","123456","顾嵋嵋","1","110000","110105","安贞西里7栋102室","13051511531","顾奎绪","15873754937","哥哥","1","0","0","[""桡骨头半脱位"", ""心梗"", ""慢性肾盂肾炎急性发作"", ""下尿路感染""]","[""桡骨头半脱位"", ""心梗"", ""慢性肾盂肾炎急性发作"", ""下尿路感染""]","1","13/2/1936","2","13/4/2022 21:25:58"
"1329","test301","123456","史勇硕","0","110000","110105","南沙滩小区9栋403室","13911971514","史燕珊","15041764482","爱人","1","0","1","[]","[]","1","18/9/1944","3","13/4/2022 21:25:58"
"1330","test302","123456","罗姝宛","1","110000","110105","华贸城5栋103室","18499890782","罗倩婵","17611246427","女儿","1","0","0","[""脑震荡""]","[""脑震荡""]","1","25/5/1936","1","13/4/2022 21:25:58"
"1331","test303","123456","常祥剑","0","110000","110105","世华泊郡1栋602室","18895560746","常翱仕","17680106778","外甥","1","1","0","[""肺结核"", ""血胸""]","[""肺结核"", ""血胸""]","1","2/11/1945","4","13/4/2022 21:25:58"
"1332","test304","123456","田铎仁","0","110000","110105","世华泊郡6栋803室","15993889755","田倩娴","15672109490","姐姐","1","0","0","[]","[]","1","27/9/1934","1","13/4/2022 21:25:58"
"1333","test305","123456","杨姿嫣","1","110000","110105","北苑家园望春园12栋303室","15673573675","杨镜硕","15153245991","侄子","1","0","1","[""异位妊娠"", ""左心衰"", ""急性淋巴管炎""]","[""异位妊娠"", ""左心衰"", ""急性淋巴管炎""]","1","16/2/1954","4","13/4/2022 21:25:58"
"1334","test306","123456","蓝钊逵","0","110000","110105","万科星园8栋1102室","15290667492","蓝珠娴","15368423003","姐姐","1","0","0","[]","[]","1","28/7/1950","1","13/4/2022 21:25:58"
"1335","test307","123456","尹钊世","0","110000","110105","东方雅苑6栋901室","13359071799","尹然","15766548497","孙子","1","0","0","[""肺脓肿"", ""丙肝""]","[""肺脓肿"", ""丙肝""]","1","24/8/1954","2","13/4/2022 21:25:58"
"1336","test308","123456","成倩慈","1","110000","110105","国美第一城3号院1栋401室","18252038536","成婉影","18010741715","爱人","1","1","0","[]","[]","1","12/7/1951","2","13/4/2022 21:25:58"
"1337","test309","123456","卜璀","0","110000","110105","苹果社区南区11栋1202室","18784084313","卜昇","15210459468","外孙","1","0","0","[""二尖瓣狭窄"", ""阵发性室性心动过速""]","[""二尖瓣狭窄"", ""阵发性室性心动过速""]","1","3/5/1937","2","13/4/2022 21:25:58"
"1338","test310","123456","盛勇才","0","110000","110105","安贞西里8栋103室","18154946764","盛倩嫣","15164829802","爱人","1","0","0","[""子宫肌瘤""]","[""子宫肌瘤""]","1","4/10/1950","2","13/4/2022 21:25:58"
"1339","test311","123456","强崇逵","0","110000","110105","翠城馨园2栋101室","13891302477","强镜屹","15080659710","外甥","1","0","1","[""再生障碍性贫血""]","[""再生障碍性贫血""]","1","17/11/1960","4","13/4/2022 21:25:58"
"1340","test312","123456","贺守","0","140000","110105","东方雅苑7栋403室","15303688139","贺宗刚","18867470904","哥哥","1","0","0","[""肱骨干骨折""]","[""肱骨干骨折""]","1","26/11/1945","2","13/4/2022 21:25:58"
"1341","test313","123456","单骥屹","0","110000","110105","东方雅苑1栋703室","13770625795","单姿姗","18653078536","外甥女表姐","0","0","0","[""卵巢肿瘤"", ""脑疝""]","[""卵巢肿瘤"", ""脑疝""]","1","4/6/1932","2","13/4/2022 21:25:58"
"1342","test314","123456","卫勇臣","0","110000","110105","东方雅苑12栋1501室","13856146987","卫选寿","13386946031","侄子","1","0","0","[""硬膜下血肿""]","[""硬膜下血肿""]","1","16/2/1942","1","13/4/2022 21:25:58"
"1343","test315","123456","郎伍世","0","330000","110105","东方雅苑1栋1002室","13261444895","郎燕纾","15178618946","孙女","0","0","0","[""缺铁性贫血"", ""肺心病"", ""丙肝"", ""桡骨远端骨折"", ""心梗""]","[""缺铁性贫血"", ""肺心病"", ""丙肝"", ""桡骨远端骨折"", ""心梗""]","1","3/9/1947","4","13/4/2022 21:25:58"
"1344","test316","123456","贾选仁","0","110000","110105","一线国际7栋703室","18034729369","贾勇绪","15210864796","哥哥","1","0","0","[""艾滋病"", ""软组织急性化脓性感染""]","[""艾滋病"", ""软组织急性化脓性感染""]","1","1/3/1945","2","13/4/2022 21:25:58"
"1345","test317","123456","梁燕婵","1","110000","110105","华贸城12栋201室","18047222275","梁姃纾","13262986080","女儿","1","1","0","[]","[]","1","28/6/1941","2","13/4/2022 21:25:58"
"1346","test318","123456","童怡姿","1","110000","110105","西坝河东里4栋202室","15245226567","童冲骥","13705996831","弟弟","1","0","0","[""桡骨头半脱位""]","[""桡骨头半脱位""]","1","23/10/1936","1","13/4/2022 21:25:58"
"1347","test319","123456","陈镜锴","0","110000","110105","东方雅苑3栋1602室","15630890685","陈翠嵋","15169752691","孙女","1","1","1","[""肺栓塞"", ""桡骨远端骨折"", ""丙肝"", ""二尖瓣关闭不全""]","[""肺栓塞"", ""桡骨远端骨折"", ""丙肝"", ""二尖瓣关闭不全""]","1","13/11/1951","4","13/4/2022 21:25:58"
"1348","test320","123456","宋宛影","1","110000","110105","珠江帝景2栋101室","13316643438","宋伍仕","15022921369","儿子","1","0","0","[]","[]","1","21/2/1959","1","13/4/2022 21:25:58"
"1349","test321","123456","蒋选才","0","110000","110105","国美第一城3号院6栋1101室","15557395291","蒋怡姃","17667771072","表妹","1","0","0","[""卵巢肿瘤""]","[""卵巢肿瘤""]","1","22/2/1940","1","13/4/2022 21:25:58"
"1350","test322","123456","滕柔韵","1","110000","110105","西坝河东里11栋903室","18515130418","滕姃慈","17865989201","外甥女表姐","1","0","0","[]","[]","1","22/6/1935","1","13/4/2022 21:25:58"
"1351","test323","123456","鲁婉","1","110000","110105","松榆西里7栋903室","13084847049","鲁婉伊","15599173856","姐姐","1","0","0","[]","[]","1","24/12/1936","1","13/4/2022 21:25:59"
"1352","test324","123456","房翱锋","0","110000","110105","安贞西里9栋1503室","18380506652","房得剑","15839322941","外甥","0","0","0","[]","[]","1","6/8/1937","2","13/4/2022 21:25:59"
"1353","test325","123456","皮惜馨","1","110000","110105","炫特家园二期1栋303室","13337182448","皮姗婵","18298607572","妹妹","0","0","0","[]","[]","1","16/4/1954","2","13/4/2022 21:25:59"
"1354","test326","123456","岑翱逵","0","110000","110105","芍药居北里7栋702室","18601777868","岑祥锐","18801689912","表兄","1","0","0","[]","[]","1","4/6/1953","1","13/4/2022 21:25:59"
"1355","test327","123456","麻嬿","1","110000","110105","世华泊郡4栋1302室","15156653965","麻宥仕","13445522306","哥哥","1","0","0","[""急疹"", ""肾结石"", ""桡骨头半脱位"", ""肺结核""]","[""急疹"", ""肾结石"", ""桡骨头半脱位"", ""肺结核""]","1","18/6/1958","3","13/4/2022 21:25:59"
"1356","test328","123456","何寿","0","110000","110105","八里庄北里小区9栋302室","13703427000","何奎世","13226573830","表兄","1","0","0","[""大叶性肺炎"", ""脑震荡"", ""左心衰"", ""痈""]","[""大叶性肺炎"", ""脑震荡"", ""左心衰"", ""痈""]","1","18/8/1949","3","13/4/2022 21:25:59"
"1357","test329","123456","顾依缘","1","110000","110105","南沙滩小区3栋601室","18387985302","顾镜臣","18144172210","爱人","1","0","0","[""丹毒"", ""缺铁性贫血"", ""痈""]","[""丹毒"", ""缺铁性贫血"", ""痈""]","1","14/4/1941","2","13/4/2022 21:25:59"
"1358","test330","123456","尤琬","1","110000","110105","住欣家园3栋1401室","13990026401","尤宛艳","17811906468","外甥女表姐","1","0","0","[""皮下急性蜂窝织炎""]","[""皮下急性蜂窝织炎""]","1","10/10/1947","2","13/4/2022 21:25:59"
"1359","test331","123456","成镜硕","0","110000","110105","芍药居北里1栋602室","15320283018","成璎燕","18428116483","表妹","1","0","0","[""房颤"", ""丹毒"", ""异位妊娠""]","[""房颤"", ""丹毒"", ""异位妊娠""]","1","16/12/1959","3","13/4/2022 21:25:59"
"1360","test332","123456","江伊情","1","110000","110105","住欣家园10栋1401室","15810278941","江情馨","15233268381","妹妹","1","0","0","[""肾盂肾炎"", ""软组织急性化脓性感染"", ""桡骨远端骨折""]","[""肾盂肾炎"", ""软组织急性化脓性感染"", ""桡骨远端骨折""]","1","6/11/1962","2","13/4/2022 21:25:59"
"1361","test333","123456","田翱骥","0","110000","110105","珠江帝景8栋503室","13267989222","田姝嵋","13154562594","女儿","1","0","0","[]","[]","1","10/8/1956","1","13/4/2022 21:25:59"
"1362","test334","123456","袁宛姗","1","110000","110105","西坝河东里8栋1602室","18011448590","袁峻锐","18358817970","哥哥","1","0","0","[""桡骨远端骨折"", ""流脑""]","[""桡骨远端骨折"", ""流脑""]","1","24/1/1938","3","13/4/2022 21:25:59"
"1363","test335","123456","谈师","0","620000","110105","国美第一城3号院11栋801室","18382908478","谈依柔","17700973230","孙女","1","0","0","[""血胸"", ""结核性心包炎"", ""艾滋病""]","[""血胸"", ""结核性心包炎"", ""艾滋病""]","1","22/2/1948","3","13/4/2022 21:25:59"
"1364","test336","123456","贲冲屹","0","110000","110105","北苑家园望春园5栋1101室","15030563391","贲骥","18298404986","表兄","1","0","0","[""轮转病毒肠炎"", ""乙脑""]","[""轮转病毒肠炎"", ""乙脑""]","1","5/4/1936","3","13/4/2022 21:25:59"
"1365","test337","123456","舒宥世","0","110000","110105","华威北里12栋302室","13407606403","舒珊","15005764558","孙女","1","0","0","[""特发性血小板减少紫癜"", ""急疹"", ""肱骨干骨折""]","[""特发性血小板减少紫癜"", ""急疹"", ""肱骨干骨折""]","1","26/5/1936","3","13/4/2022 21:25:59"
"1366","test338","123456","计嬿怡","1","110000","110105","华贸城2栋1203室","15109432357","计嵋馨","15977829024","外甥女表姐","1","0","0","[""髋关节后脱位"", ""白血病""]","[""髋关节后脱位"", ""白血病""]","1","10/4/1937","2","13/4/2022 21:25:59"
"1367","test339","123456","孟奎境","0","110000","110105","东方雅苑8栋101室","18150862222","孟燕婵","15073158479","表妹","1","0","0","[""丙肝"", ""张力性气胸""]","[""丙肝"", ""张力性气胸""]","1","5/8/1947","2","13/4/2022 21:25:59"
"1368","test340","123456","曹倩缘","1","150000","110105","珠江帝景12栋1401室","15152972032","曹祥世","15660257869","孙子","1","0","0","[]","[]","1","10/9/1947","1","13/4/2022 21:25:59"
"1369","test341","123456","江缘纾","1","230000","110105","翠城馨园1栋502室","17611247483","江庥绪","15325363876","表兄","1","0","1","[]","[]","1","6/8/1939","4","13/4/2022 21:25:59"
"1370","test342","123456","韩艳姃","1","110000","110105","国美第一城3号院5栋901室","18009629821","韩世","18111287245","表兄","1","1","0","[""乙脑"", ""肩关节前脱位""]","[""乙脑"", ""肩关节前脱位""]","1","8/12/1954","4","13/4/2022 21:25:59"
"1371","test343","123456","盛姗诗","1","110000","110105","翠城馨园5栋1602室","13954694419","盛选才","15264366222","哥哥","1","1","0","[""结核性腹膜炎""]","[""结核性腹膜炎""]","1","13/1/1932","4","13/4/2022 21:25:59"
"1372","test344","123456","董伍峻","0","110000","110105","农光里7栋1603室","18894194286","董娅婵","13763560849","妹妹","1","1","0","[""肱骨干骨折""]","[""肱骨干骨折""]","1","9/8/1941","4","13/4/2022 21:25:59"
"1373","test345","123456","缪情嵋","1","110000","110105","国美第一城3号院12栋201室","18169758085","缪姗嬿","15207139155","女儿","0","1","1","[]","[]","1","6/8/1947","4","13/4/2022 21:25:59"
"1374","test346","123456","臧赐","0","610000","110105","八里庄北里小区6栋1002室","18742957430","臧姝婵","18352060766","外孙女","1","0","0","[""痈"", ""皮下急性蜂窝织炎""]","[""痈"", ""皮下急性蜂窝织炎""]","1","11/11/1947","2","13/4/2022 21:25:59"
"1375","test347","123456","汤再","0","110000","110105","西坝河东里1栋1601室","18904830868","汤镜境","13113444307","弟弟","1","0","0","[""流脑"", ""结核性心包炎""]","[""流脑"", ""结核性心包炎""]","1","11/4/1936","2","13/4/2022 21:25:59"
"1376","test348","123456","柯祥逵","0","110000","110105","炫特家园二期7栋302室","13180585256","柯锴寿","18834496716","弟弟","1","0","0","[""肠结核""]","[""肠结核""]","1","2/10/1951","1","13/4/2022 21:25:59"
"1377","test349","123456","苗怡嵋","1","220000","110105","金隅丽景园4栋603室","18374635563","苗艳彩","17722012946","表妹","0","0","0","[""结核性腹膜炎""]","[""结核性腹膜炎""]","1","22/3/1939","3","13/4/2022 21:25:59"
"1378","test350","123456","经奎仕","0","110000","110105","金隅丽景园3栋1401室","18436021644","经冲仕","15202738053","儿子","1","0","0","[]","[]","1","20/7/1941","1","13/4/2022 21:25:59"
"1379","test351","123456","黄柔柔","1","110000","110105","华威北里10栋1203室","17605278050","黄屹","15908879463","表兄","1","0","0","[""乙肝"", ""脑疝"", ""克雷伯杆菌肺炎""]","[""乙肝"", ""脑疝"", ""克雷伯杆菌肺炎""]","1","19/5/1934","3","13/4/2022 21:25:59"
"1380","test352","123456","祁垚","0","110000","110105","八里庄北里小区10栋1702室","15307136464","祁璎伊","13763751092","女儿","1","0","0","[""急性硬膜外血肿""]","[""急性硬膜外血肿""]","1","18/1/1932","1","13/4/2022 21:25:59"
"1381","test353","123456","卜以","0","110000","110105","一线国际2栋201室","18888796157","卜娅娴","18205244362","女儿","1","0","0","[""肾衰"", ""脑血栓""]","[""肾衰"", ""脑血栓""]","1","14/2/1933","2","13/4/2022 21:25:59"
"1382","test354","123456","乐璎嬿","1","110000","110105","华贸城10栋1402室","15504066129","乐依姝","13466257928","女儿","1","0","0","[""软组织急性化脓性感染"", ""张力性气胸"", ""脑梗死"", ""肾衰""]","[""软组织急性化脓性感染"", ""张力性气胸"", ""脑梗死"", ""肾衰""]","1","15/10/1934","2","13/4/2022 21:25:59"
"1383","test355","123456","凤柔钰","1","110000","110105","北苑家园望春园9栋803室","15275872101","凤姗璎","13193644605","妹妹","1","0","0","[""心绞痛"", ""右心衰""]","[""心绞痛"", ""右心衰""]","1","18/11/1956","2","13/4/2022 21:25:59"
"1384","test356","123456","娄勇勇","0","110000","110105","华威北里6栋102室","13015262821","娄疆才","13142145179","外孙","1","0","0","[]","[]","1","5/3/1954","2","13/4/2022 21:25:59"
"1385","test357","123456","蔡依娴","1","110000","110105","翠城馨园5栋502室","17886823052","蔡伍钊","13785979537","哥哥","1","0","0","[""子宫肌瘤"", ""肾盂肾炎""]","[""子宫肌瘤"", ""肾盂肾炎""]","1","17/10/1941","2","13/4/2022 21:25:59"
"1386","test358","123456","黄伊惜","1","110000","110105","松榆西里2栋1702室","13110492590","黄镜忍","13781435670","外孙","1","0","0","[""脑疝""]","[""脑疝""]","1","23/1/1934","1","13/4/2022 21:25:59"
"1387","test359","123456","孙情情","1","110000","110105","北苑家园望春园3栋1702室","13332071731","孙珊嫣","15763848728","表妹","1","0","0","[""肾衰""]","[""肾衰""]","1","1/10/1943","2","13/4/2022 21:25:59"
"1388","test360","123456","昌馨娴","1","110000","110105","东方雅苑5栋901室","13873978737","昌钊","15603889751","表兄","1","0","0","[""丙肝""]","[""丙肝""]","1","23/10/1946","1","13/4/2022 21:25:59"
"1389","test361","123456","华屹生","0","330000","110105","柏林爱乐二期9栋1101室","15070661288","华彩翠","15799767193","妹妹","1","0","0","[]","[]","1","27/9/1947","2","13/4/2022 21:25:59"
"1390","test362","123456","韩锋","0","110000","110105","国美第一城3号院11栋1701室","15121944723","韩珠瑛","18078669453","女儿","0","0","0","[""乙肝""]","[""乙肝""]","1","21/6/1957","3","13/4/2022 21:25:59"
"1391","test363","123456","丁勇庥","0","110000","110105","松榆西里10栋903室","18139243246","丁奎","17833484523","弟弟","0","1","0","[]","[]","1","21/10/1934","3","13/4/2022 21:25:59"
"1392","test364","123456","张宗锐","0","110000","110105","国美第一城3号院9栋402室","15970376009","张嬿依","17887482793","妹妹","1","0","0","[""肾盂肾炎"", ""桡骨远端骨折""]","[""肾盂肾炎"", ""桡骨远端骨折""]","1","13/7/1935","2","13/4/2022 21:25:59"
"1393","test365","123456","林冲世","0","500000","110105","珠江帝景7栋901室","17600465327","林宥奎","15272350711","表兄","1","0","0","[""脑血栓"", ""轮转病毒肠炎"", ""尿路感染""]","[""脑血栓"", ""轮转病毒肠炎"", ""尿路感染""]","1","6/10/1947","3","13/4/2022 21:25:59"
"1394","test366","123456","许燕缘","1","110000","110105","珠江帝景9栋301室","15933641048","许冲勇","13790858221","侄子","1","1","0","[""主动脉瓣狭窄"", ""支气管哮喘""]","[""主动脉瓣狭窄"", ""支气管哮喘""]","1","4/2/1960","4","13/4/2022 21:25:59"
"1395","test367","123456","潘庥屹","0","110000","110105","八里庄北里小区12栋703室","18390403308","潘嬿姿","13147190406","侄女","1","0","0","[""丹毒"", ""宫颈癌"", ""肠结核""]","[""丹毒"", ""宫颈癌"", ""肠结核""]","1","6/1/1961","3","13/4/2022 21:25:59"
"1396","test368","123456","袁宥庥","0","110000","110105","华威北里3栋703室","18027785331","袁娅瑛","15102867164","孙女","1","1","0","[""肺脓肿"", ""肾小球肾炎"", ""主动脉瓣狭窄"", ""血胸""]","[""肺脓肿"", ""肾小球肾炎"", ""主动脉瓣狭窄"", ""血胸""]","1","25/8/1942","4","13/4/2022 21:25:59"
"1397","test369","123456","刁缘","1","110000","110105","东方雅苑1栋802室","13373665724","刁奎绪","15767632093","弟弟","1","1","0","[""丙肝""]","[""丙肝""]","1","5/11/1939","4","13/4/2022 21:25:59"
"1398","test370","123456","刁艳彩","1","110000","110105","北苑家园望春园10栋902室","18556166220","刁卫","15972695133","儿子","0","0","0","[""肋骨骨折"", ""阵发性室性心动过速"", ""克雷伯杆菌肺炎"", ""肾小球肾炎""]","[""肋骨骨折"", ""阵发性室性心动过速"", ""克雷伯杆菌肺炎"", ""肾小球肾炎""]","1","3/12/1933","3","13/4/2022 21:25:59"
"1399","test371","123456","臧柔姝","1","110000","110105","华威北里10栋1103室","13359989508","臧宛馨","15714482272","爱人","1","0","0","[""肩关节前脱位"", ""丹毒"", ""桡骨头半脱位""]","[""肩关节前脱位"", ""丹毒"", ""桡骨头半脱位""]","1","1/7/1943","2","13/4/2022 21:25:59"
"1400","test372","123456","邓姃慈","1","110000","110105","芍药居北里8栋1103室","13438695984","邓嵋燕","18537590690","姐姐","1","0","0","[""甲肝"", ""脑疝"", ""大叶性肺炎"", ""慢性肾盂肾炎急性发作""]","[""甲肝"", ""脑疝"", ""大叶性肺炎"", ""慢性肾盂肾炎急性发作""]","1","11/9/1935","2","13/4/2022 21:25:59"
"1401","test373","123456","和奎才","0","110000","110105","一线国际12栋1001室","15909993265","和奥","15696436821","外甥","1","1","0","[""异位妊娠"", ""二尖瓣狭窄"", ""结核性腹膜炎"", ""脑梗死""]","[""异位妊娠"", ""二尖瓣狭窄"", ""结核性腹膜炎"", ""脑梗死""]","1","20/6/1948","4","13/4/2022 21:25:59"
"1402","test374","123456","孙疆盛","0","110000","110105","珠江帝景3栋603室","17622019556","孙艾","18836025122","孙子","1","0","0","[""肺癌""]","[""肺癌""]","1","15/4/1941","2","13/4/2022 21:25:59"
"1403","test375","123456","华昶","0","110000","110105","珠江帝景4栋501室","15697162741","华姝璎","15313076953","外孙女","1","0","0","[""桡骨远端骨折"", ""卵巢肿瘤""]","[""桡骨远端骨折"", ""卵巢肿瘤""]","1","9/2/1944","3","13/4/2022 21:25:59"
"1404","test376","123456","毛刚锐","0","610000","110105","松榆西里7栋1403室","18191305884","毛姿嵋","13230727956","侄女","1","0","0","[""风疹""]","[""风疹""]","1","14/1/1937","1","13/4/2022 21:25:59"
"1405","test377","123456","季姿惜","1","110000","110105","华威北里9栋201室","18501446706","季崇生","13543404761","弟弟","1","1","0","[""心绞痛"", ""支气管哮喘""]","[""心绞痛"", ""支气管哮喘""]","1","12/10/1956","3","13/4/2022 21:25:59"
"1406","test378","123456","吴姿怡","1","110000","110105","华威北里2栋803室","18828404109","吴惜翠","13685626760","侄女","1","0","0","[""前列腺增生""]","[""前列腺增生""]","1","9/4/1944","1","13/4/2022 21:25:59"
"1407","test379","123456","臧庥硕","0","110000","110105","柏林爱乐二期8栋103室","18952893940","臧选世","13510565187","外甥","1","0","0","[""化脑"", ""心梗"", ""流脑"", ""二尖瓣关闭不全"", ""肠结核""]","[""化脑"", ""心梗"", ""流脑"", ""二尖瓣关闭不全"", ""肠结核""]","1","25/10/1935","3","13/4/2022 21:25:59"
"1408","test380","123456","孟思","0","150000","110105","珠江帝景9栋202室","13105777667","孟疆绪","15745671630","外甥","1","0","0","[]","[]","1","7/4/1944","2","13/4/2022 21:25:59"
"1409","test381","123456","奚园","1","110000","110105","八里庄北里小区9栋501室","15184888264","奚音","18440103635","爱人","1","1","0","[]","[]","1","18/7/1949","4","13/4/2022 21:25:59"
"1410","test382","123456","乐选锋","0","110000","110105","西坝河东里1栋1402室","18016332685","乐宛姗","15275446143","外甥女表姐","1","0","0","[""左心衰"", ""肋骨骨折"", ""痈"", ""急性淋巴管炎"", ""肺心病""]","[""左心衰"", ""肋骨骨折"", ""痈"", ""急性淋巴管炎"", ""肺心病""]","1","9/6/1937","3","13/4/2022 21:25:59"
"1411","test383","123456","潘疆伍","0","110000","110105","八里庄北里小区1栋803室","18589099836","潘嬿嬿","13622575566","外甥女表姐","1","0","0","[""肺结核""]","[""肺结核""]","1","20/3/1954","1","13/4/2022 21:25:59"
"1412","test384","123456","席嬿依","1","110000","110105","农光里6栋1703室","13422964569","席姝婵","18817047667","表妹","1","0","0","[""阵发性室性心动过速"", ""丙肝""]","[""阵发性室性心动过速"", ""丙肝""]","1","5/4/1941","3","13/4/2022 21:25:59"
"1413","test385","123456","管婉艳","1","110000","110105","南沙滩小区1栋1602室","18579023130","管臣峻","13743239759","哥哥","1","0","0","[""急性盆腔炎"", ""脑血栓"", ""肺栓塞""]","[""急性盆腔炎"", ""脑血栓"", ""肺栓塞""]","1","28/7/1955","2","13/4/2022 21:25:59"
"1414","test386","123456","卞宥骥","0","110000","110105","炫特家园二期1栋401室","17600257399","卞昇","15718640021","弟弟","1","0","0","[""肺癌"", ""急性硬膜外血肿"", ""风疹""]","[""肺癌"", ""急性硬膜外血肿"", ""风疹""]","1","15/8/1935","3","13/4/2022 21:25:59"
"1415","test387","123456","戴嬿圆","1","110000","110105","柏林爱乐二期7栋102室","13855824405","戴姗钰","13619950352","孙女","1","0","0","[""肺结核"", ""甲肝"", ""股骨颈骨折"", ""二尖瓣狭窄"", ""髋关节后脱位""]","[""肺结核"", ""甲肝"", ""股骨颈骨折"", ""二尖瓣狭窄"", ""髋关节后脱位""]","1","15/1/1962","4","13/4/2022 21:25:59"
"1416","test388","123456","卞宥忍","0","110000","110105","南沙滩小区1栋1101室","13300942139","卞嵋馨","17676060898","姐姐","1","1","0","[""髋关节后脱位"", ""主动脉瓣狭窄"", ""肋骨骨折""]","[""髋关节后脱位"", ""主动脉瓣狭窄"", ""肋骨骨折""]","1","16/5/1937","4","13/4/2022 21:25:59"
"1417","test389","123456","汤春","0","110000","110105","农光里5栋602室","13535345716","汤宥境","13574719630","爱人","1","0","0","[]","[]","1","25/11/1958","1","13/4/2022 21:25:59"
"1418","test390","123456","包韵","1","110000","110105","国美第一城3号院6栋802室","18907402360","包嵋嵋","18210294462","女儿","1","1","0","[""丹毒"", ""再生障碍性贫血"", ""脑震荡"", ""肱骨干骨折"", ""肾盂肾炎""]","[""丹毒"", ""再生障碍性贫血"", ""脑震荡"", ""肱骨干骨折"", ""肾盂肾炎""]","1","2/5/1932","4","13/4/2022 21:25:59"
"1419","test391","123456","洪姿艳","1","110000","110105","国美第一城3号院1栋1603室","18439078893","洪堂世","13454588178","孙子","1","0","0","[""肾盂肾炎""]","[""肾盂肾炎""]","1","19/1/1936","1","13/4/2022 21:25:59"
"1420","test392","123456","云臣峻","0","110000","110105","芍药居北里10栋502室","13913026882","云惜嵋","13432519188","爱人","1","0","0","[""肾结石"", ""急性硬膜外血肿""]","[""肾结石"", ""急性硬膜外血肿""]","1","20/3/1942","2","13/4/2022 21:25:59"
"1421","test393","123456","苗瓒","0","460000","110105","柏林爱乐二期5栋1002室","13897014862","苗屹仕","17693437740","爱人","1","0","0","[""阵发性室上性心动过速""]","[""阵发性室上性心动过速""]","1","11/6/1953","2","13/4/2022 21:25:59"
"1422","test394","123456","奚宛姝","1","110000","110105","一线国际12栋1001室","18684206992","奚羲逵","13788505011","侄子","0","0","0","[""呼吸衰竭"", ""佝偻病""]","[""呼吸衰竭"", ""佝偻病""]","1","23/4/1957","4","13/4/2022 21:25:59"
"1423","test395","123456","陶勇璈","0","110000","110105","南沙滩小区6栋1602室","13553877742","陶臣钊","15665811508","表兄","1","0","0","[""脑血栓""]","[""脑血栓""]","1","2/3/1940","1","13/4/2022 21:25:59"
"1424","test396","123456","沈得剑","0","110000","110105","华贸城3栋802室","13570366917","沈惜伊","17856589920","女儿","1","0","0","[""急性硬膜外血肿""]","[""急性硬膜外血肿""]","1","5/1/1945","1","13/4/2022 21:25:59"
"1425","test397","123456","卫婉慈","1","110000","110105","南沙滩小区9栋1202室","15742213802","卫彩瑛","18049321246","外孙女","1","0","0","[""脑栓塞""]","[""脑栓塞""]","1","27/2/1946","1","13/4/2022 21:25:59"
"1426","test398","123456","昌奎绪","0","110000","110105","金隅丽景园1栋601室","13282354818","昌峻生","17820200011","哥哥","1","0","0","[""急性盆腔炎"", ""结脑""]","[""急性盆腔炎"", ""结脑""]","1","14/4/1960","2","13/4/2022 21:25:59"
"1427","test399","123456","席姿靓","1","110000","110105","珠江帝景8栋302室","13897989476","席画","13250425736","表兄","1","0","0","[]","[]","1","23/5/1944","1","13/4/2022 21:25:59"
"1428","test400","123456","廉姗姿","1","110000","110105","南沙滩小区3栋1003室","15201258986","廉嵋馨","15039038615","外孙女","1","0","0","[]","[]","1","7/2/1946","1","13/4/2022 21:25:59"
"1429","test401","123456","汪姃嫣","1","120000","110105","芍药居北里8栋901室","13529274687","汪惜惜","13440407973","爱人","1","0","0","[""肱骨外科颈骨折""]","[""肱骨外科颈骨折""]","1","4/11/1955","1","13/4/2022 21:25:59"
"1430","test402","123456","席娅嫣","1","410000","110105","农光里9栋1702室","18219116513","席姿诗","15887450771","女儿","1","0","0","[""输尿管结石""]","[""输尿管结石""]","1","3/8/1933","1","13/4/2022 21:25:59"
"1431","test403","123456","唐冲剑","0","110000","110105","西坝河东里7栋1502室","18659763562","唐娅嫣","13679005655","外甥女表姐","1","0","1","[""脑震荡""]","[""脑震荡""]","1","4/2/1942","4","13/4/2022 21:25:59"
"1432","test404","123456","明宥羲","0","110000","110105","金隅丽景园4栋1703室","18319912363","明璎柔","18177952333","姐姐","1","0","0","[""化脑"", ""二尖瓣狭窄"", ""白血病"", ""肾盂肾炎""]","[""化脑"", ""二尖瓣狭窄"", ""白血病"", ""肾盂肾炎""]","1","22/2/1959","2","13/4/2022 21:25:59"
"1433","test405","123456","盛钊剑","0","110000","110105","珠江帝景1栋1103室","18449974388","盛娅嫣","18411904962","表妹","1","0","0","[""主动脉瓣狭窄""]","[""主动脉瓣狭窄""]","1","9/3/1936","1","13/4/2022 21:25:59"
"1434","test406","123456","夏选忍","0","110000","110105","松榆西里5栋1201室","18044220280","夏疆钢","13342994438","爱人","1","0","0","[""艾滋病"", ""脑震荡"", ""急性淋巴管炎""]","[""艾滋病"", ""脑震荡"", ""急性淋巴管炎""]","1","6/9/1952","2","13/4/2022 21:25:59"
"1435","test407","123456","胡疆生","0","110000","110105","芍药居北里8栋1003室","13526105309","胡勇锴","18955144199","外孙","1","0","0","[""化脑""]","[""化脑""]","1","3/4/1961","2","13/4/2022 21:25:59"
"1436","test408","123456","蓝宛燕","1","110000","110105","芍药居北里7栋1102室","15213800460","蓝倩影","15956979744","外甥女表姐","0","0","0","[]","[]","1","10/10/1944","2","13/4/2022 21:25:59"
"1437","test409","123456","丁奎锐","0","110000","110105","八里庄北里小区4栋303室","18118045738","丁依珊","17813337025","外孙女","1","0","0","[""阵发性室性心动过速""]","[""阵发性室性心动过速""]","1","24/5/1944","1","13/4/2022 21:25:59"
